reviewId,userName,score,content,thumbsUpCount,at,replyContent
3d3a7a9a-bffc-4d86-8ce1-c933141f75d9,14정준우,1,요즘 업데이트 한다는 신기능이 너무 음침하네요.너무 별로에요 차라리없는게 더 좋을거같네요,0,2026-04-08 17:25:42,
6f6efd4c-54c1-40b9-abe7-0161d19d25e9,박동건,5,너무 좋아요ㅎ,0,2026-04-08 17:19:29,
01fbf024-492c-4f34-b590-4065bf998055,도현,5,가끔식 언어 바뀌는게 좀 그렇네요,0,2026-04-08 17:08:01,
d222b2f8-abc5-40cd-9fbe-74c71305ad96,AB CD,3,다 좋은데 너무 사생활에 관대? 하시달까요? 앱 자체는 너무너무 좋고 잘 쓰고 있는데 릴스에다가 좋아요를 누르면 팔한사람들한테도 보인다던지...팔로우 할 목록? 요런것들요!ㅜㅠ 그래서 본계로는 사용을 안하게되고 부계를 파서 봅니다.. 부계도 어차피 금방 들키지만요 하하..ㅜㅜ,0,2026-04-08 16:38:05,
1cd91f47-7a6b-421b-b714-9aebff1a02fc,Kim MH,1,릴스 넘기다 보면 화면 갑자기 밝아져 눈뽕 나는 것 좀 처리해줘 일부러 인스타 기피하게 만든건지 ㅊㅊㅊ,7,2026-04-08 14:29:08,
a1723cc3-d0d9-4a11-8cb2-36cea938c2f6,김가현,5,굳 인싸가 당신도 인싸가 될 수 있습니나!,0,2026-04-08 14:21:39,
d381c3c5-6ace-460e-aaf8-21d0bf4f5df6,LCH,5,너무너무좋음,0,2026-04-08 14:06:02,
d05c1647-668d-4a8a-b45d-9417a9b907e4,박수호,5,재밌네,0,2026-04-08 13:48:13,
516796ea-09c4-48d3-ae59-379052d77192,이보명,5,👍 👍 굿,0,2026-04-08 12:57:49,
30dc01bc-44ed-4578-b765-ec3612d56a99,정광일,5,40대가 사용하기에도 큰어려움없어서 너무 편리하네요 일상의공유 나만의영상 다들 꼭한번 해보세요~,0,2026-04-08 12:53:30,
d4aa9881-2d1f-4514-aebb-2f9b489e7d0b,오봉환,1,사진을 프로필이든 사진을 올리든 왜 자동으로 겔러리에 저장되나요. 설정을 수정한다해도 겔러리에 자동저장되는데 필요없는 데이터는 필요 없으니 설정 방법이나 아니면 저장 안되게끔 부탁할께요.,16,2026-04-08 12:23:57,
a2754422-9074-4528-a862-c3639e8b109f,허민,1,친한 친구에 올린 스토리가 자꾸 일반 스토리로 올라가네요? 업데이트 때마다 오류 자꾸 발생하는데 이럴거면 업데이트 하지 마세요 요즘들어 우후죽순으로 업데이트 자주 하시던데 이러면 사용자 입장에서도 곤란합니다,3,2026-04-08 10:08:40,
fb763e2d-5e16-4c89-b7f6-4945b4a95919,아기고양이,1,"불편한점 인스타 라이브방송 천명이상 까지 됑다는 점이 불편합니다.솔직히 방송하고싶은뎅..안됑다는 건 쫌 아니라고 생각행욤,인스타 랙걸려욤. 인스타 넘이상해여",7,2026-04-08 09:23:44,
219bd3da-ea0f-4b7d-9778-f04621cf055f,이동건,3,기능 및 다른건 괜찮은데 DM 채팅배경이 색깔만 나오고 바탕배경이 나오지 않네요. 그리고 채팅배경 설정에 있는 몇개 빼고는 다른 DM 채팅배경이 아예 안뜨는 경우가 있네요... 고쳐주시면 감사하겠습니다...,0,2026-04-08 08:45:50,
e8cf59d0-4241-49d6-86c1-03086b20a98d,So Yeon Kkang,5,좋은 기능이 많아져서 편하네요,0,2026-04-08 08:44:31,
9ea1c90f-5f62-4ac0-82d3-9cbe2b85c947,Kyoung Ahn,1,갤럭시 Z폴드 사용자입니다 화면을 펼쳐서 글을 올리려면 최근사진 한컷만 보이고 나머지 사진은 안보입니다 수정부탁드립니다,0,2026-04-08 06:43:52,
5297976c-9f97-4b0a-9f40-0c9a0dbcc59e,유형상,4,초보자틀은 이미지 선택 체킹해서 올리기까지 너무 번거로워요...,0,2026-04-08 06:16:34,
d63a760c-755d-4a10-a5fe-3a3baf44b822,Noah chang,1,하. 진짜 해킹이나 차단당하면 포기하세요,0,2026-04-08 03:20:59,
219d142d-3172-480b-a702-0d58d095b2fb,최영호,5,굳드!,0,2026-04-08 02:27:29,
292f7e77-0d5c-417e-96f6-358d98afc108,박스프로젝트,1,야 인간적으로 뭣같이 운영할거면 난 운영포기했다고 선언해라 대체 동일한비밀번호인데 pc는 로그인되고 모바일은 뭔짓해도 안되고 계속시도하면 해킹이라하고 전에 가만히있던 아이디 해킹시도라하면서 날려먹더니 또그러지? 운영잘하세요ㅇㅇ,1,2026-04-08 01:55:44,
094b2e3b-0eb3-4c49-b6ae-7fcbb16bba77,이재석,1,분명히 SMS 코드 인증받기를 눌렀는데 문자가 안와요,0,2026-04-07 23:46:09,
6296924f-a368-4ffc-9cfb-6a5817785cb9,배정연,1,렉이 심하게 걸립니다. 스토리가 몇시간동안 안올라가며 디엠도 마찬가지입니다. 매번 다시 깔았다 지웠다 해야하네요.,0,2026-04-07 22:56:27,
47e74566-a319-4ca2-be00-9706df12553b,이기천,5,지금 문제없음!!,0,2026-04-07 22:39:11,
9f57c084-1264-4aa7-98bd-c883ea281dbf,Quanta,5,굿,0,2026-04-07 22:08:12,
6d76c09e-79ae-43f5-9e4b-6d6cfe310fa0,ee tr,1,"메세지 딜레이, 릴스 짤림 로딩 안됨 댓글 증발, 사진 필터가 작동을 안함, 테마 데이터 증발, 인스타 검색은 원래부터 의미 없는데 검색도 먹통이고, 연락도 제대로 안돼, 릴스도 안돼, 스토리는 아까 계속 확인했던 스토리 자꾸 보여줘 뭔데 이럴거면 인스타 사용 하는이유가 메세지 용으로 쓰거나, 릴스 보는용으로 쓰는데 계속 버그만 쳐 걸리면 이거는 쓸 이유가 없는데",0,2026-04-07 21:57:37,
fabb4310-ec95-464b-b3d6-a6027d365b25,Seojin Soo,5,너무 좋아요,0,2026-04-07 21:49:19,
ab130e27-b704-4605-b4a3-55efeb0a1890,양창헌,5,좋은거 같아요,0,2026-04-07 21:46:09,
1b88efe1-1d0d-45c7-92a1-d0af596996d5,Rachel Y.,1,업데이트 후 릴스 영상 편집 다했는데 사라지는 현상 생김. 🤔 화면 탭 위치도 바뀌어서 불편함 사용자에게 불친절한 인스타그램 🤨,0,2026-04-07 20:20:56,
10df6308-2cb6-45a9-9131-7ee73ca05b3f,밍티제,4,알림창에 하이라이트 기능좀 없애주세요 왜 굳이 나눠놓으신거죠 그냥 깔끔하게 시간순서대로 보여주세요 순서가 뒤죽박죽이에요 그리고 스토리 보관 버튼 사라졌어요 업데이트해주세요,12,2026-04-07 19:50:46,
6d0324a1-824c-49bb-b0ee-77f1df6f1ed4,소정임,5,인스타 좋긴한데 테마가 안보여서 문제에요ㅠ 그래도 잘 쓰고있슴니다.. 테마 고를때마다 안 보여서 모르겠어요ㅠ,0,2026-04-07 19:32:32,
fb750a7f-be53-42bc-b46e-5f7170bd70ce,초보꾼임선생,5,독보적?,0,2026-04-07 19:02:53,
d7e11b22-ea3c-4f42-8c51-575a7731c049,이상민,1,해킹당하면 계정삭제? 자기들 보안뚫려서 계정이 해킹 당했는데 그냥삭제 시키면 끝? 화나서 다시 찾고싶지도 않다,1,2026-04-07 18:37:54,
03094120-69c9-41c9-97b0-098ababb9dc3,감동먹고또 먹고,5,최고~!!^^,0,2026-04-07 18:16:26,
85ecf8a6-b41f-47a0-bc5f-00166dbf66ae,강근우,1,들어가면 홈에서 팔로잉한 스토리를 보는데 팔로우하라고 뜨는 버그가 있고 친구에 들어가고 팔로잉이을 취소하고 다시 하는데 다시 생기는 버그가 좀 있어요 그래서 이런거를 고쳐주시면 제가 감사합니다 ㅠㅡㅠ,26,2026-04-07 18:02:41,
622ab593-0a0e-4258-bc2c-8db52d6d0f32,혜영,3,업데이트좀 할때 싹 다 하시던가..도대체 일주일에 업데이트를 몇번을하시나요?.ㅠㅠ 제발 한달에한번만하면안되나요?ㅠㅠ,0,2026-04-07 17:27:23,
6aa43acb-93a9-4674-8e96-13419ae6099f,서민욱,5,인스타를대처할건없음 이용도가너무좋음,0,2026-04-07 16:50:53,
0225cd5c-4c33-44eb-8c4f-7614f25ed7b4,송훈현,5,인스타그램잘쓰고있어요이번에 핸드폰 바 꿔아서. 인스타 그램 이용이 원할합니다,0,2026-04-07 15:10:00,
de1e58ee-b7b1-4807-9866-c5ca4d3ddfdf,이재열,5,운영자님 홈 화면에서 자꾸 로딩화면만 뜨고 릴스들이나 사진들이 안 뜨네요... 이거 좀 고쳐주세요,1,2026-04-07 13:26:00,
6c996b45-c4be-4fee-a50a-8db1acb4e813,노하람,2,내가 좋아요누른것좀 다 취소하게 좀 만들어주셈;;;;;;;;;;,0,2026-04-07 13:05:40,
909fcb49-677b-4c77-be09-c9c0e382f72d,Angel's starain,2,도대체 대댓글 아중으로 달리는 현상 언제 고치냐?,0,2026-04-07 11:27:42,
f851037b-fa48-4fc5-8a24-5e78885dc0ad,김가현,3,제발 리포스트 기능 점 없애라 누를 생각도 없었는데 내가 뭐 보는지 기습 공개.. 진심 제발 없애면 좋겠음,0,2026-04-07 10:44:21,
b0acbc6a-e8fa-42b3-a21f-c9fe71b95b22,배워니(배워니),1,업데이트후 링크전달이 안됩니다 자꾸 추천동영상으로 연결되어서 엉뚱함 영상이 나옵니다.,0,2026-04-07 10:22:55,
1283103d-f608-4a02-8fe9-e0dd51dbe9bc,등뒤에서서,5,전에도 이용했지만 역싳광고죠,0,2026-04-07 09:12:15,
2e2036ed-9766-4c7d-b8bd-8509dca96e6b,임희망 (진우가죠낸좋은),1,"릴스 위치와 검색 위치, 디엠위치를 대체 제발 왜 하단 정중앙에 놓은 것인지. 스토리 / 게시물 등 생성 버튼을 좌측 상단으로 옮긴 것과 인스턴트는 대체 왜 만든걸까 스토리에 올리면 되지않나 릴스에서는 길게 누르면 정지 되는 것이 훨씬 나았고 두 번쯤 누르면 음소거 되는 것도 좋았는데. 왜 더 불편해지기를 택하는건가?",1,2026-04-07 07:48:12,
c748e904-17e0-4629-aba3-444f36ec6c4e,김찬중,4,아니 본계로 인스타 들어가려는데 왜 자꾸 페이스북 타령이에요,0,2026-04-07 01:33:44,
ea34e42c-8556-426f-87ee-f8c94f7fe662,susu123 gogo,5,좋아요,0,2026-04-07 00:35:30,
8254f36b-037a-49af-a6db-8d17b390a51c,안인옥,1,비번찾기 너무 어려움,0,2026-04-07 00:08:58,
56ba7095-32b6-490e-842f-58bc231729ed,주찬빈,1,워치용도 좀 만들어라;;,0,2026-04-06 23:47:59,
1aee360c-ab08-489f-8999-bd18edfd5782,오늘은좋은날,3,사용이 어려워요 ㅠ,1,2026-04-06 23:45:58,
869a2ae7-feab-4876-a9d6-ad284bac0c25,이동헌,5,2026.04.05. 일 부터 사진 스토리업로드시(게시물 공유도 포함) 업로드 된후에 언급이 비활성화됨 무슨 문제인지 모르겠음요 동영상 스토리 공유시에는 문제 없는것 같은데... 왜이러는지요?,0,2026-04-06 22:41:22,
2df72a3a-03b9-45b1-b0ae-a65fdd6ea6dd,정영광,5,좋아요,1,2026-04-06 21:57:59,
9e71fd9f-5bc9-4720-8a68-8973afdd1307,최서우,5,굳,0,2026-04-06 21:29:27,
7155aaf6-8bca-4b5c-a1cd-5a0660457a8a,임지환,3,남의 스토리 보면 스토리 본 계정 프로필이 뜸.,0,2026-04-06 21:24:47,
d347f3b7-b83e-42be-a948-af0c400eb532,김유준,1,컴퓨터로 사용할때 다른계정으로 바꾸고싶은데 안되요,0,2026-04-06 21:06:22,
09bc948f-0874-4caf-ae22-ab15ce001891,송태희,5,정말 다 좋은데요...... 친한친구 스토리에도 댓글 달 수 있게 해주세요ㅠㅜㅜㅜㅜㅜ 부탁드립니다!!,0,2026-04-06 20:35:03,
1f5134e8-d21e-4844-98b6-589a75a14b65,yongjon Jo,5,굿 👍,0,2026-04-06 18:02:23,
eeb07232-1533-4da6-91b0-5a073d1fa923,이동민,5,굿,0,2026-04-06 17:09:55,
af7f5d9f-1e4f-42c0-bd0c-2c7f63c8f37a,정하린,5,재밌ㄸr...,0,2026-04-06 16:50:41,
e2cc1d03-f9b5-4ebc-bdf5-fb0aa89f9368,정혜진,4,릴스나 게시물 고정하는 기능이 하이라이트도 고정 하는 기능 있으면 좋겠습니다,0,2026-04-06 16:40:18,
6b34ad0d-c7ad-49cc-b5c7-7172b6530789,김재봉,5,지루하던 나의 일상이 바뀌었다.,0,2026-04-06 16:17:37,
0609dd15-fc7e-44ea-aabe-fca764087eb6,Bluedot,1,릴스 검은 화면 떠서 지우고 웹버전 사용중. 웹에서 앱 사용 배너 좀 띄우지 말길. 앱을 잘 만들던가,1,2026-04-06 16:08:11,
f5fe0fb7-b6df-4cb8-a249-9c64ca0c2a8f,오종석,5,good,0,2026-04-06 15:58:46,
d1ba90c1-1ab8-47d1-b0ec-75d103eb5e6e,내마음의풍금,5,좋아여,0,2026-04-06 15:22:46,
6cabff11-759d-48da-b207-096d5f59ebf5,민.,1,낙서가 안보임 버그 고쳐,1,2026-04-06 14:36:59,
7c2c5340-f916-46a7-8369-23ad814d3650,캔디들장미소녀,5,좋아요.,0,2026-04-06 13:46:39,
5d5e2b30-8b45-48aa-b533-25bba87a7b0c,흑이,1,시청내역 릴스 30일 뒤면 사라진다면서요 앞으로 빼고 있는데 시청내역 릴스 안뜨면 사라지잖아요 30일 다 돼 가는데 로그인도 했다가 핸드폰 재부팅도 하고 인스타그램 지우고 다시 깔았는데도 시청내역 릴스 안 떠요,10,2026-04-06 13:23:05,
70e6270f-0cf7-4e86-96a9-3b88127667b5,Dony,3,"첫 이미지가 화질이 깨지고, 다음장부터는 괜찮음. 동영상도 처음페이지라 깨져서 보이네요. 고쳐주세요",0,2026-04-06 12:14:00,
45b55629-77e3-4d40-a50b-6fed393f94bf,조경진,5,굿굿!!,0,2026-04-06 11:53:05,
1340c551-1a13-4215-b0db-820f67f25e66,한국문화체육관광협회,5,good kcata.or.kr,0,2026-04-06 11:22:23,
7d7097a5-51ba-4872-a52d-5e7674ea1c17,서정환,5,아주 좋아용,0,2026-04-06 10:22:53,
0a254e85-f84c-4b32-82be-433030930e16,백다빈,2,글 재수정하는 기능을 넣어주세요,0,2026-04-06 10:14:07,
9d5a5482-0b2b-4024-8371-e92f45040946,ᄋ정글리안,1,"스토리 볼 때 좌우 슬라이드시 2,3~장으로 넘어가는게 아니고 다른 메뉴(스토리 보고 있는데 릴스로 넘어가는거) 로 넘어가는거 너무 짜증나네요",1,2026-04-06 10:09:36,
35782a9f-7833-41df-90c9-33549a92c487,노연호,5,재밌어요,0,2026-04-06 08:28:24,
d1ded380-1175-4c33-84bd-d5b362fdd023,김보민,1,왜이렇게 렉이 많이 걸리죠 제발제발 이상한 검열 좀 하지마요,3,2026-04-06 06:46:57,
4650e756-9edc-4699-850d-027b29c7e2a3,박한별,1,며칠째 홈에서 스토리가 안떠요 3초가량 떴다가 피드만보이고 스토리가 안나옵니다 개선부탁드려요 불편해요,1,2026-04-06 03:14:13,
c65134c6-7cdc-4e58-9abc-efe40cc0ecbb,iyul,5,👍👍👍,0,2026-04-06 01:52:03,
db10b601-0f19-4ff7-96a2-d587d595898c,정후영,4,다 좋은데 최근 친구들한테 저 대신 알바할 사람을 구하려고 스토리를 올렸습니다 그런데 무슨 거짓 정보로 사회에 어쩌고 하면서 정지를 때려버리네요 정지를 하려면 잘 보고 하시던가 금방 인식하고 풀어주시든가 해주시면 좋을 거 같은데 아직도 안풀렸습니다 기술문제신고를 했는데 별 달라진것도 없네요,0,2026-04-06 00:39:26,
f27fc473-6e6f-45aa-a018-4c1ead0f0daa,카니옐,5,제발 최신순 좀....돌려줘요ㅠㅠㅜㅜㅜ,1,2026-04-06 00:32:24,
4aea883b-33ae-4965-9c1d-98e6c0e7a8ca,장영선,5,어려워요 보안이 겁나요,0,2026-04-06 00:23:17,
c377fef7-ead4-40a9-a717-83561aa95858,494 -,1,친구가 보낸디엠이 자꾸사라져요 분명 알림에선 왔다고뜨는데 디엠에들어가보니 아무것도안와있어요 너무불편해요 한두번이러는것도아니고,1,2026-04-06 00:07:27,
e292c27d-de80-49d1-a0e8-d2130b0c190a,jj,2,오류가 너무많아!!!!,1,2026-04-05 23:46:00,
91767f27-1e62-4392-9330-f5923f8e1e88,부억데기,3,생각보다 재밌네요. 더 해봐야 알 것 같아서요.,0,2026-04-05 23:44:17,
c6226120-f905-450f-9fd6-7679d1608c86,ᄋᄒᄌ,5,"말로 다 설명하기 어렵지만 항상 모든 면에서 잘 쓰고 있습니당♡♡ 인스타를 대체할게 없네용 근데 며칠 전부터 아무것도 건드린게 없는데 스토리 알림은 잘 오는데, 게시물이랑 릴스 알림이 아예 안 오네요ㅠㅠㅠㅠ 설정도 들어가보고, 알림 설정이 되어있는지도 봤는데 뭐가 문제인건지 모르겠네요ㅠㅠ",1,2026-04-05 23:42:00,
728b0874-da29-4875-b7ad-6a63e988e541,sean,1,테마 어디갓나여,1,2026-04-05 23:36:49,
68eeb022-9cc6-41fb-9c70-550c7b48e1b9,조희승,5,굳,0,2026-04-05 23:21:41,
a1754136-3c0b-4d77-b15e-aa2784624c4c,정우진,1,안드로이드 유저인데 디엠 테마 배경이 안떠요 수정좀 해주세요,1,2026-04-05 23:08:56,
fdc0262b-ba90-463e-bdde-fcf5e999b800,이승아,4,디엠 테마가 자꾸 사라져요 그래서 지웠다가 다시깔고를 반복해야해요,0,2026-04-05 22:52:03,
767b9491-c069-4061-974f-89babe9a63b5,LEE EUNMI,5,즐겁습니다^^~,0,2026-04-05 22:37:07,
b4e75d20-d2fa-43ba-b003-ad258fb9afdf,전윤후,4,테마가 안보여요. 무슨 오류인거죠?,0,2026-04-05 22:12:20,
5795f6ae-76c7-4537-bce1-95d0e099b5e4,ᄃᄒ,3,자꾸 스토리가 갤러리에 저장되길래 그 기능을 꺼도 저절로 켜지면서 저장됩니다,0,2026-04-05 22:02:57,
a8140113-17c2-420d-803d-6cc03ac556cb,ᆞᆞ (길냥이),2,디엠이 보낸다고 바로 오는게 아니라 딜레이가 몇분씩이나 있네요. 빠른 수정 부탁,0,2026-04-05 21:37:20,
d4cf45cb-914f-4c22-89ac-4a827950cb3d,한진영,2,최근 게시물 보기 다시 만들라고 진짜 검색 기능 쓰레기 만든거 개짜증나네,0,2026-04-05 21:09:02,
ab6655b3-8ce2-40bb-96f0-85a79cc259a8,임현주,5,너무 재밌어요,0,2026-04-05 20:51:55,
09818b96-0d07-4a46-89f2-163d118c43c1,임석희,5,더말할것도없다,0,2026-04-05 19:52:08,
d861e858-6193-495e-bb7f-62ab3e88dfd9,이경희,5,다양한글을 공유할 수 있어서 좋아요,0,2026-04-05 19:32:57,
c401c442-00f0-4a9c-9182-278e00ff04e6,밍기적,3,인스타 디엠 테마를 바꾸는데 자꾸 배경색만 뜨고 고유한 설정은 안바껴요;;,1,2026-04-05 19:31:56,
f5daa7cf-eb70-48b7-9f73-018a34c59a05,이도형,4,ㅜㅈㅇㅅ 난 지금쯤이면 뜯6,0,2026-04-05 19:03:44,
7b0ef487-b207-44a4-bb27-cffb1c64cebb,박상연,2,현재 버전에서 릴스가 작동하지 않고 까만 화면만 나옵니다. 캐시를 지워도 동일합니다.,0,2026-04-05 18:13:14,
903514b9-7742-4ca3-babb-a9e27b290080,muk bang,1,2026년인데 상위에 있는게 다 2022년 2017년 2015년???? 해시태그 다쳐막더니 다 몇년전꺼만 보임. 상위에 좀 최근것 좀 보여줘라 본거 또 보고 또 보고 지겨움 일주일에 한번이라도 좀 섞어요. 해시태그 1개당 인스타에서 정해놓은 20명내에 글만 보는게 인스타룰인듯 ㅋ,1,2026-04-05 17:25:10,
f67040ec-11fd-41e4-8c53-d84048470634,빈진욱,4,복구,0,2026-04-05 16:08:22,
97f10510-e234-49e1-b49f-dad3eae5e3d6,신종희,4,저 오늘 계속 오류뜨고 로그인이 안되요 해결 부탁드려요ㅠ 스토리 사진 선택하고 편집화면로 안넘어가서 몇번을 다시 깔아야됩니다.. 피드백 부탁드려요,0,2026-04-05 15:19:42,
1616cb69-0dfa-4c70-8b3a-357bef84462a,김기현,1,인생 망가진다,0,2026-04-05 14:24:59,
d9ef6797-9230-4fbd-9975-879542ff8923,김원희,4,지금은 그럭저럭 이렇게 잘 사용하고 있습니다.,0,2026-04-05 13:53:25,
28394bea-241b-4338-8fe9-aef14a26cd44,한도현,1,나 인스타 다신않함 님들도하지마셈 인스타 뭐이무것도 안해도 정지먹이고 그거도풀고 계정을다시만들거나 로그인하면 내가 부적절한 인스타사용을했다 이러고 댓글도 아썼는데 계속 계정 영구정지당하고 인스타 짜증나서 페이스북으로 넘어갈거임 어떻게됀게 페이스북보다 않좋냐,0,2026-04-05 11:58:01,
1c2502bc-2a72-40d7-b6bf-d535c35df9e4,Park Jimin,1,여전히 어렵고 쓰기불편 카카오스토리처럼 사진 올린후 수정할수있는기능이 있음 좋겠음,0,2026-04-05 11:55:25,
8559c16b-9466-4a56-a2c2-8a065d106aad,최수진,5,제가 생각했던거보다 더 재밌어요,0,2026-04-05 10:25:03,
8919a619-1ec0-4b63-91c5-a21fa112daf8,심슨,5,메시지 삭제 복구 시키는 방법을 만들어주세요..,0,2026-04-05 09:34:09,
ff24e40e-763b-4976-a71f-d7bb8837da2d,말챠,1,바뀐 ui 별로에요,0,2026-04-05 09:19:15,
70781439-3802-4830-9cf0-11a59b61c0c1,박우진,5,너무 쾌적하게 잘 사용하고 있습니다!,0,2026-04-05 08:29:14,
f061558b-240f-418e-a11a-e0a5196dbc0d,승젯,1,해시태그 검색어 버그 장난 아니게 걸림,0,2026-04-05 03:30:55,
41c25b77-323c-4c1b-9426-4dac632e7fc2,유정우,1,DM 창 위치 왜 바꾼거임?,0,2026-04-05 02:34:00,
6197be7f-da54-4df1-9b04-6e46c536beeb,배주현,2,게시글 노래 삭제 기능 좀 추가해주세요,6,2026-04-05 01:15:23,
64c8623b-00a4-46c7-8710-c741da032b4e,마메트니아mametnia,5,너무 좋아요,0,2026-04-05 00:09:06,
f2c88a26-1213-48a7-aafd-1677daed8369,이다림,1,자꾸 버그생기고 오류나는거 한두번이여야 눈감아주죠 . 맨날 오류나고 무슨짓임 일을안함 혹시? 자꾸 이상한 업데이트 하지말고 오류나 좀 고치셈,0,2026-04-04 23:47:10,
ca335230-1804-470f-ae71-105d5c01c8d9,힘들다,3,이미 공개로 올린거 공개로 바꾸고 친친으로 올린거 공개로 바꾸는 기능 만들어주세욥..!!! 두번올리기귀찮고 지우고 다시 올라가는동안 정말 심장이 떨립니다 ㅈㅂ모두를 구원하시길....,0,2026-04-04 23:15:53,
29f0be95-3600-4663-8d12-f72553ded3f4,정경빈,3,폴드로 릴스같은거볼때댓글이랑같이나오게최적화 좀 해주세요,0,2026-04-04 22:55:54,
8d8d73f9-edb0-43e4-a8fd-2faa7a59eae4,이다현,3,요즘 오류가 너무 많아요,0,2026-04-04 22:30:06,
56919192-c299-4717-8522-ad28e9cbbc65,jini park,5,굳,0,2026-04-04 22:29:39,
3c7b1f13-519a-48fd-a01f-2984d4476331,김태헌,5,인스탸굿굿,0,2026-04-04 22:25:58,
1786e30a-fcfd-4e85-ae56-61078e029aad,김규현,5,재밌노,0,2026-04-04 22:11:13,
dc0f73d5-65c4-49f0-abb6-1a0e0db51eb2,박아름,2,아니 갤럭시 유저인데 메시지도 밑에가있고 팔로우되있는 사람도 현활이 안떠요,0,2026-04-04 22:11:09,
a9b1fb4c-3bc9-4e05-bf6a-da3683b6ed89,권은숙,5,굿굿,0,2026-04-04 21:38:02,
4f7db213-edae-484c-a872-00372cad24a4,정기성,5,할거 많고 볼거 많아 좋앙,0,2026-04-04 19:56:17,
fb6241bc-1a2b-4c68-a423-f12b97ddc778,이서현,1,임시저장 게시물이 왜 수정이 안되는 지 모르겠네요,0,2026-04-04 18:04:45,
e01f092b-651d-4c75-b169-9c555560d091,박멍멍,1,릴스오류 며칠째 왜이래!!!!!!!!!!,6,2026-04-04 17:08:15,
c9f05a54-c4f3-4f6f-a303-1bc4d55b2c37,장유준,5,걍 깔아봐,0,2026-04-04 16:44:30,
3ad7bf57-5d90-47df-a337-1d3b874d2443,사랑애물망초,5,유용하게 활용하고 있습니다.,0,2026-04-04 15:08:01,
d0347142-4165-4eca-90c2-f56a35183924,임지율,5,재밌음,0,2026-04-04 15:03:23,
166c246e-eb32-43e3-86a0-235cfb15b9f7,백연우,1,릴스 자꾸 내릴때마다 새로고침되면서 보던릴스 사라지는것좀 고쳐주세요,0,2026-04-04 14:37:00,
b01a8f4c-af8e-4874-91cb-dd56f71bb150,07ᄉᄒ,2,릴스가 스크롤?이 한번밖에 안내려가짐,0,2026-04-04 14:24:58,
886f615f-46be-46ed-9638-ed23b6885d4f,매채꽃글,2,업데이트 이후에 상단 영상을 볼수 없어요 다시 한번 해주세요 카카오 톡 따라하시는 건지. 너무 불편 해요,1,2026-04-04 13:14:25,
4d231065-98e9-48c9-8e0d-3735be58478e,김건민,5,테마가 로딩이 안되는데 나만이런가,0,2026-04-04 12:54:59,
140337c0-ec96-4ea4-8254-872deac5164d,이수정,4,너무 좋아요!,0,2026-04-04 12:40:11,
d32db725-0996-46af-938c-e9b977f1289b,우기,5,릴스 전체화면으로 하고 싶을 때 아이폰은 살짝 확대하면 자동으로 전체화면이 되는데 갤럭시도 그렇게 업데이트 되면 좋겠어요,1,2026-04-04 11:48:28,
fbecd2a7-d95a-426f-a14d-8e4dcf31db70,Dong LEE,1,개선해주세요 여자친구가 릴스 엄청 보내는데. 답장안하면 삐져요. 릴스를 우측으로 밀어 답장을 하면 할때마다 맨 아래로 내려가니까 다음꺼 답장할라면 또 올려야 해요. 심각합니다.. 안내려가게 수정해 주시고 최근 글 보려면 그 맨 아래로 버튼 또는 맨 위로 버튼 있잖아요. 갤러리에 있는 버튼들. 그거 설치해주세요.,1,2026-04-04 10:11:03,
fd4e2fdf-28a5-45d2-805f-d99d426da1d4,예림,1,인스타 피드에서 음악 삭제 기능도 추가해주세요.. 동영상이랑 올리면 소리가 겹쳐서 안 들려요.,3,2026-04-04 09:54:18,
f87af2ba-cd68-468f-8e70-1a368907dc1e,Purple Cat,1,코드 맞게 3번을 입력해도 피드백 리콰이어드 어쩌고 뜨더니 이젠 나중에 다시시도하라네 장사접어라,0,2026-04-04 07:57:12,
728c9f55-7d12-4745-ac63-9f00a6862851,조영석,5,너무좋음 생활의 활력소임,0,2026-04-04 01:46:04,
1cec770c-642e-4ef4-9e3f-8cde7a51ba4b,Ji-Young Kim,5,초과하는 경험,0,2026-04-04 01:04:56,
ac01833f-7156-4450-b551-4845aa25c7d2,CH LEE,1,게시글 우측으로 넘기다 의도적으로 릴스로 넘어가는 악성 업데이트ㅋㅋ 숏폼 릴스 활성화가 돈좀 되나보네요 카카오가 욕을 그렇게 먹고도 기능 유지중인거 보면,1,2026-04-04 01:01:40,
d0aceff9-215e-4f6c-be21-e442d0dd0a6c,손따봉,1,함께 공유할 위치로 글 올리면 피드안떠요 해결바람.,2,2026-04-03 23:55:19,
a6a4d41c-3f26-4e51-a0cd-37c0ca7b5122,봄예설,1,카메라가 이상해요. 렉걸리고 누가 사진을 찍는거 마냥 하면이 깜박거려요. 해킹일 수도 있으나 오류일 수도 있으니 확인 부탁드려요 ㅠ,0,2026-04-03 21:59:38,
6bc0fa45-f1de-47b1-9f7e-3f4ef8731a2a,hyunzoong kang,4,처음이야,0,2026-04-03 20:30:41,
e9179112-69ff-489f-a8eb-0ea5206d771f,Clair Hong,1,게시물 다음 사진으로 넘기려는데 자꾸 릴스 탭으로 넘어가서 짜증나요,1,2026-04-03 20:13:07,
ba81ae2c-b007-47a5-b5d3-dc4d6d7b81ac,임현철,5,좋아요 👍 😀 😘 💚 😄 💕,0,2026-04-03 19:54:20,
7d73e48c-4cbb-48f8-9be2-9948947f44fc,정휘,1,편하게 잘 쓰고있습니다(2023~2026/04/02) 윗 글 쓸때까진 잘 쓰고있었는데 갑자기 릴스창에 들어가면 검정화면이 뜨면서 안봐지고요 전에 인스타 로그아웃 자동으로 돼서 로그인 6번했구요(비번바꿔서 해결하긴함) 제 폰과 친구폰의 인스타 버전이 업데이트해도 다르구요 아이폰은 되는데 삼성은 해당이 안되는 기능이 많아요 고쳐주세요(2026/04/03),1,2026-04-03 19:46:12,
140e6c2b-80f8-4714-8579-7a42e497b9fb,세나,1,오류 장난 아니네,0,2026-04-03 19:39:53,
e15b8015-2113-4bab-9268-7cddc8bfd9ca,서준규,1,아니 디엠에 기존에 했던 대화가 다 사라졌는데 이거 또 뭔가요? 아 쫌!!! 고쳐주세요!!!,7,2026-04-03 19:37:31,
3ae6337d-653d-452d-9dad-e4d477bc1258,권도윤,1,dm에 그리기 기능이 추가된건 좋은데 계속 상대가 그린건 안보이고 제가 그린것도 나갔다들어오면 안보여요 그리고 나이인증같은게 갑자기 떴는데 왜이러죠 고쳐주세요,0,2026-04-03 19:29:43,
2153eee1-642f-4b08-8a0d-8d40739821b0,폴겟,2,게시글에 댓글 달면 먼저 쓴거 부터 내림 차순으로 정렬좀 했으면 좋겠음,12,2026-04-03 18:34:36,
b024c179-8142-4fc4-8578-7913614a5ed2,상열최,2,나이 인증 없어져라!!,0,2026-04-03 18:12:19,
53fcbaf7-a1ac-4460-a2be-deb043be9c19,송채원,5,so good,0,2026-04-03 18:00:48,
87ce3184-3714-4be9-abe5-1b197a8246b5,Jinjoo Back,5,goooooood,0,2026-04-03 17:33:22,
d89c2bfb-6140-4d18-a602-db3362727908,감자,5,다른 유저 댓글에 GIP를 쓰고싶어요,3,2026-04-03 17:26:34,
c7910e7a-e026-4327-bf83-81afcc4f7388,씽고작가,2,가끔 버그 걸려서 지웠다 까는거 빼곤 문제 없음,0,2026-04-03 16:51:02,
74914604-fc38-43d7-af52-5ff3062e568e,밐지,3,비활 왜 제한 걸어둠?,0,2026-04-03 16:26:29,
a1336e6a-f292-4b3d-82fe-fff26421fe73,Ethan Kim,3,폴드 큰 화면으로 보면 에러가 많음.,1,2026-04-03 13:37:38,
c2b1ed73-3dac-4644-9628-aa8849a16d7d,윤미라,3,인스타 말도안된게 얼탱이 없이 검토하라고 하고 영구정지 피해자 입니다,0,2026-04-03 12:59:24,
eda3620f-5481-4d8f-b606-99aafdcf912b,hansoo “아재들” Park,5,사진사이즈 조정하기 어렵네요,0,2026-04-03 12:36:12,
aec1287a-afd1-402b-8760-659a64428af6,김준희,5,딱좋노이기,0,2026-04-03 10:28:48,
6cf5438e-a69d-4d58-8462-c9ed5a767fc2,Ge nius,1,게시물 10개 이동중 3 4에서 릴스 이동 하던데? 불편함 개선좀!,65,2026-04-03 08:40:30,
d6063596-d9cf-445c-85cd-92d733e0fd2d,오수정,5,여러가지 좋은물건이 많음,0,2026-04-03 08:25:56,
672cf46b-6026-4c9d-8632-76ba8e8266e3,金땅신,5,친구가 많이 생겨요,0,2026-04-03 06:58:16,
43fff53c-6f31-477a-ad91-7fa107990a76,Sophie Kim,5,essential,1,2026-04-03 03:42:45,
564b51bf-01b8-44df-a76e-783950948820,노우연,5,그냥 좋다,1,2026-04-03 03:27:14,
c90042f6-b56b-4ff2-bfc6-cff9223c59b2,서민지,3,재밌고 쓸만해용,0,2026-04-03 00:31:11,
e9e1ff65-d8da-42f2-95a6-d2fc35d50e1a,이가애,4,너무 잘 쓰고 있는데 계정을 바꿀 때마다 바꾸는 표시가 사라져서 화면 전환을 한 번 해야 뜹니다 그게 조금 불쳔해요 업데이트 되면서,0,2026-04-03 00:25:48,
bd5c4299-13a5-4446-baab-8a8e8e70eb70,우예성,1,앱이 계속 튕김 지웠다 깔아도 그리고 문의해달라고 이메일 처 보내달라고 하지 말고 알아서 잘 고쳐주길......,2,2026-04-02 23:36:11,
189821ee-f383-482b-8a5d-0b0f1cf52ec6,"자연쓰,자연짱",5,4년동안 쓰고있는데 SNS측면에서 너무좋습니다,1,2026-04-02 23:32:52,
8a3be317-0476-4b7b-b1ed-a183dbc3536f,BHC G,3,아니 다 좋은데 인스타 필터 왜자꾸 없애는 건가요ㅠㅠ 잘 쓰고 있던 필터들이 사라지니까 넘 불편합니다!!! 제발 필터 자꾸 없애지 좀 말아주세요!!!!! 다시 좀 활성화 해주시기 바랍니다,1,2026-04-02 23:19:40,
8567e5a2-43e4-46e5-8470-19bebd709981,이산,3,인스타 좋고 잘쓰는데 제발 댓글 관리좀.. 노무현 드립 패드립 보기 불편해요,0,2026-04-02 23:10:27,
5e75e144-540b-4ccc-a347-c4afe14f9f7c,Yunus Abi,5,너무좋아요,0,2026-04-02 23:05:49,
a3af1ba6-37af-49a6-b907-3787e591b6c8,연화,4,'그리움' 테마의 애니메이션 효과가 안 보이고 단색 배경만 보여요. 수정 부탁드려요.,2,2026-04-02 22:58:15,
c9729c17-c0cf-4269-921d-67240a809251,김토리,5,항상 즐겁게 보고 있어요,0,2026-04-02 22:37:11,
a02149bf-513f-40fe-b580-2958c20b040b,Saint Wi,3,최근에 릴스 커버 수정을 하려고 사진을 누르면 로딩만 뜨고 다음으로 안 넘어가져요. 무슨 오류 같아요. 제거했다가 다시 설치를 해도 똑같고 이 문제 좀 해결해주세요.,1,2026-04-02 22:36:48,
ddf7f082-07ef-45d1-8fe0-54c22e8024c3,니파니파,5,재밌어요.,0,2026-04-02 22:15:50,
82115eb2-fa50-453f-beee-4d773bbb8f12,Bibidi babidy,1,"I strongly dislike the ""Friends"" label replacing ""Following"". It exposes private relationship information and reduces privacy. Please provide an option to disable this feature.",1,2026-04-02 21:24:39,
0ea42c71-6214-4576-a078-84a2a06734fc,이병호,1,퀵스냅이 어떤 방법을 해도 안 생기네요..,0,2026-04-02 21:24:34,
e1381a8c-faa4-41e9-8135-b26faa8595cc,김규민,5,소통까지 완벽,0,2026-04-02 21:21:45,
4695cddb-d201-4b71-873e-d000da90bcdb,유영훈 (SaneGAJA),5,1년이상 업로드를 하지않고 관리를 못하다가 최근에 다시 하다보니 좀 바뀐것 같고 혼란스럽습니다. 지금은 적응중 입니다.,0,2026-04-02 21:21:36,
b50a9299-e934-47b9-b246-eb78ca2fdfe4,김은숙,5,인스타는 처음 입니다 많은 노출 바래봄요,0,2026-04-02 21:00:14,
fe501af2-2ef2-4a4b-afc8-b11372303e22,편예준,4,저만 업데이트가 안될까요,0,2026-04-02 19:49:25,
8bd805a6-7f80-47e2-b4e6-f1d1e2711bbf,영구리,1,좋은데 잔 오류가 많음,0,2026-04-02 18:42:26,
8927cba2-527a-4bdf-8db2-82d661c36969,김태형,1,스토리 옆에 추천 친구가 안뜨게 해주세요 그리고 라이브 다시보기를 할수있게 해주세요,2,2026-04-02 15:32:12,
045b2e4d-8444-41af-84d8-2fdd2a82de31,KOR_BRAVO,1,현재 갤럭시 S26 울트라 사용 중입니다. 예전부터 다른 기기에서도 종종 봐왔던 문제인데 인스타그램 앱의 해상도 문제 때문에 UI가 정상적으로 표시되지 않아 사용이 불가능 합니다.,2,2026-04-02 13:05:12,
01a65f8e-19d9-44af-bdd5-a2965e0be4fb,가야,1,왤케 디엠 버그가 많음,1,2026-04-02 13:00:35,
7bdd49b7-6a79-4355-8296-900b83b6f9b0,익명맨,1,왜 뒤로가기가 안먹힐 때가 많냐?인스타만 특히 이러네,0,2026-04-02 10:35:09,
4962f97a-d7be-4317-a090-584d1b3cd609,치명적매력남,5,좋아용 잘쓰고있습니다 ^^,0,2026-04-02 10:23:55,
58f56b3b-ade6-4c0d-a990-2eaf190dbc4c,현춘자,5,좋아요,0,2026-04-02 07:22:10,
789243e4-cdda-4576-aa58-29d6b1028164,Jeong Woo An,1,최근 업데이트 이후 화면크기기 작아졌습니다. 빠른시일내에 수정해주세요! 참고로 제 기기는 삼성 갤럭시 태블릿 S10+ 입니다.,1,2026-04-02 03:01:26,
2aaff6a6-243f-4289-ac1e-bfdb50d4ff61,진young하우노,1,오류가 많네요. 스토리 넘길 때 내가 넘기지 않았는데 넘어가서 이전 스토리 보려고 해도 바로 다음 스토리로 넘어가고. 피드 콘텐츠랑 배경 밝기도 달라지구... 최적화 왜 이럽니까?,1,2026-04-02 01:09:34,
25c8ae91-8562-41fb-a279-641a1e8d7414,이용우,5,재밌어요,0,2026-04-01 23:09:49,
e071d30e-f853-49d4-94ab-d01243c796f0,조혜림,2,뭔 업댓 할때마다 ㅈ가티 하세영?,1,2026-04-01 23:07:10,
9ff053a6-4330-42fa-9838-6c0f225ed289,서집행자,2,인스타는 진짜 가끔씩 접속하여 지인 계정의 게시글에 고작 1개 정도 댓글 다는 정도다. 그런데 어제 댓글을 수정하기 위해서 삭제하고 수정된 댓글을 달려니 갑자기 커뮤니티 보호 운운하며 댓글 등록이 더 이상 않되는 일이 발생! 계정상태를 봐도 댓글 포함 모든 기능을 사용할 수 있다면서 뭔 일이냐?,0,2026-04-01 22:59:23,
3a7c55a4-8c4c-4bd8-ae7e-cbb8f01397a0,이도율 (cream.1029),5,좋아요,0,2026-04-01 20:57:49,
49136485-4218-49cd-91a2-cbece5f43d6a,히린,1,광고까지는 이해하겠으니까 추천 게시물은 좀 안나오게 해라,1,2026-04-01 20:38:42,
05f9a9ef-1fe2-48b8-ab6a-a19eba48984e,임채령,1,갑자기 인스타 영구 정지를 당했네요. 왜 때문인지도 안알려주고 연결된 모든 계정들까지 싹다 영구정지를 시켜버리니 너무 화가나고 어이가 없는 상황.....재고 요청 넣었는데 재검토 후에도 영구정지라고 하는데 좀 빨리 해결해주시길바라고 제발 영구정지 좀 풀어주세요 잘못한게 없는데 영구정지를 왜 당하나요 도대체,1,2026-04-01 20:24:11,
d80c9d5d-0092-4656-aab9-318fdfba90f4,정은천,5,잘 사용하고 있습니다,0,2026-04-01 20:04:52,
c8d47f39-7ba4-46b8-b47b-6b4021e2b815,드라켄,4,좋은데요. 사진 잘못 올렸을때 삭제하고 다른 사진 추가하는게 안되더군요ㅠㅠ,0,2026-04-01 19:24:42,
a1fdd585-7a4d-4552-b7ce-59826b5a5651,심지연,2,온 디엠이 자꾸지워져요,0,2026-04-01 19:07:28,
f7f9b31a-eb1f-4977-838f-ee4474cab496,심성보 (심심한),5,굿,0,2026-04-01 18:05:53,
c51ec202-c334-475b-be18-fa97f14dcbe8,진사랑,3,갑자기 테마가 안보여여,1,2026-04-01 18:04:26,
ef19bbcf-9d78-4698-b17e-02c7e51f3c07,Ssangcheul Kim,5,굿,0,2026-04-01 17:20:45,
20a21913-7614-4a29-9f52-6e39ed3c67d4,jinsu lee,1,사용 방법 모름.,0,2026-04-01 16:19:36,
815f436b-15de-4853-b148-287cfa38ad31,신동민,5,굿,0,2026-04-01 16:09:39,
186fbd4f-f852-443d-a9ef-b53e9ba5aae4,조영인,3,릴스올릴때 메인이미지 저장도 안되고 임시저장도안되고 글쓴것도 날라가고 자꾸 오류나네요,0,2026-04-01 15:02:22,
14a8b996-287d-4343-b280-ee27cd62d916,Stanley Yoon,3,가짜 계정이 너무 너무~ 너무 티나게... 많은 😳 최근 업데이트~ 이후... 스레드 연동이 안되는 부분 발생 😢,1,2026-04-01 14:00:01,
273fa1ec-d6f9-4dee-8270-a0fb05e24c54,윤소영,5,피드에 업데이트가 된 게시물 수정할때 사진의 순서도 바뀔 수 있음 좋겠어요. 2번 사진이 맨앞으로 나와 피드 메인이미지로 수정하고 싶을때 1번 사진을 삭제해야지만 가능한점이 아쉬워요,2,2026-04-01 13:22:08,
f436eedb-0b64-4ea6-8bae-601c96baac46,Jieon Seo,1,"갑자기 계정 영구 비활성화 되었는데 고객센터가 없어서 연락할 방도조차 없음. 문제 신고는 했는데 답장조차 오지 않음. 당연한 말이지만 계정으로 어떠한 범죄, 사기에도 가담한 적 없음. 착각해서 계정을 정지시킨걸 이해 못하는게 아니라 고객 응대에 관해서 너무 비효율적이고 답답함. 최악.",1,2026-04-01 13:00:24,
040e3948-b124-428b-95b0-9f377b3de490,안블리,1,계정복구가 안됍니다. 다 인증하고 비번 바꿨더니 자꾸 예기치못한오류라고 떠서 안돼요 이거 어디에 이야기해야하나요? 복구좀 해주세요 복구방법도 좀 알려주세요,1,2026-04-01 10:39:47,
cb4a9d3e-21a9-4c9a-8de4-5ce24d2f0c43,신보민,5,조씁니다,0,2026-04-01 10:13:01,
a758f03a-f164-432d-a8cc-2d6a88e85f61,최예지,1,전부터 몇번이나 디엠중 일부가 사라지는데 이유도 알수없고 진짜 짜증나네요; 개선좀해주세요,1,2026-04-01 02:03:32,
407d79f2-e968-450e-a284-19dec32f1f4c,김진휘,5,아직은 모르것네,0,2026-04-01 01:43:44,
70789889-dd25-4390-9291-defb900d55ba,Bameya jho,1,인스타 유료화하려고 빌드업 ㅈ되네? 이젠 하다하다 마약광고도 올리겠네?,1,2026-04-01 00:52:11,
39438a5c-3eca-4cb4-8c6e-f2ea19cf7a09,원지수,1,해킹당함 -> 비번만 바꿔놔서 등록된 내 개인정보로 다시 계정 되찾음. 근데 잠깐 해킹범이 내 계정 가져간 사이에 otp랑 2차인증앱 설정해놓음. 난 몰랐음 안내도 없었고 -> 다시 해킹당할까봐 비번 바꿈 -> 재로그인하래서 하는데 2차인증하라함 -> 난 설정해놓은적이 없음. 앱도 해킹범이 해놓은거라 내가 깔아서 인증해도 당연히 안됨 -> 로그인 못하겠으면 얼굴인식 하라함 -> 5번은 보낸듯. 다 안됨 -> 사람이 운영하는 고객센터 부재 -> 방법없음. 메타측의 낮은 보안수준에 내 계정만 잃어버림,3,2026-04-01 00:48:14,
da7286b9-4f7c-48f9-9cb0-f7696ff329bf,여민솔,1,제발스토리지운다고하면좀지우게해주세요업로드해주지도않을거삭제도못하게하면어쩌라는거에요저지금계정하나에갇혓다고요좀구해주세요스트레스받아서스토리를못올리겟네삭제안해줄거면삭제버튼을만들질말던가진짜하....,1,2026-04-01 00:04:27,
21de3173-0fd0-44c2-a299-2507a9c171cc,서주원 (LIHARTE),1,버그 좀 고쳐라. 이번에는 피드 새로고침이 안 돼서 밑으로 스크롤이 안 됨,1,2026-03-31 22:34:34,
115426be-fd83-4743-8951-8b2d8ef79425,PABLO Kang,5,good,0,2026-03-31 22:32:40,
f6f35dd4-03e2-4b14-8519-7f4e46459dfd,김소울,3,아니 사진넘기다가 왜자꾸 릴스로넘어가는지 진짜짜증나요 예전엔 안그랬는데 게시물 사진 넘길때마다 열받음 ㅡㅡ 이런거 잘 안남기는데 주변에서도 다 그말하길래 리뷰씁니다 제발 그거좀 고쳐줘요 열받아서ㅈ인스타끄게됨,1,2026-03-31 22:29:48,
f472eaef-e195-4f73-b6e5-f8ebc7777c37,SM P,1,업데이트하고 피드 무한로딩. 피그 구경좀하자. 빨리 고쳐죠,3,2026-03-31 22:17:40,
4087babe-bb6e-4e2d-bc2a-12fb64b6e6fd,노성엽,5,재밌다 ㅇㅇㅇㅇㅇㅇㅇㅇㅇㅇㅇㅇㅇ,0,2026-03-31 21:57:09,
6ef1acf6-3710-40fe-a3c7-6eac31f6e74b,알랑이,1,업데이트이후 오류 ...짜증나네,1,2026-03-31 20:53:46,
a3a8d78e-4006-4b88-8a7c-8a9fd1176507,방구뿡,1,업데이트 하고 불편함,1,2026-03-31 20:17:04,
725626b7-2746-48c5-aa2f-8a217c5a5f9c,Wonjin Hong,3,pc로 봤을때 추천팔로우 화면에 갇혀있는 버그좀 고쳐주소,0,2026-03-31 20:09:33,
f4dc5ac4-78a3-4592-986f-e8502f7ff52a,류태용,5,인스타그램,0,2026-03-31 18:17:51,
eaa2a62d-d63c-47d7-b68f-1930a9eb5509,양승호,5,좋아요,0,2026-03-31 16:53:05,
e487467d-3a01-4bf9-9817-4538401ad28e,현우,5,좋아요,8,2026-03-31 16:52:33,
c88e9028-ae64-4997-8936-416b85462653,박소미,1,이번업뎃너무 불편하네요 태블릿으로 보는데 핸드폰화면으로 바뀌고 댓글창도 너무작아요,2,2026-03-31 15:04:34,
7b99dfc3-2433-4824-8020-cbfc334676c5,박수영 (パク・スヨン),1,페이스북이랑 인스타그램을 하지 않는 것을 추천드립니다!,13,2026-03-31 13:56:11,
29cfb07c-c8d3-4330-9086-2789abe21d87,박시연,3,영통할 때 필터가 안되고 어떤 계정은 인스턴트나 자동스크롤? 그거 되는데 어떤 계정은 안돼요,0,2026-03-31 13:46:09,
a318e4f9-0a79-4739-9157-f9846a0cab2f,백S,2,오늘의과거 어디갔나요??????,3,2026-03-31 12:18:57,
73842ff0-2e3d-4dfc-b114-b7a6caec0b07,Kuutamo,1,theme bug,0,2026-03-31 12:12:04,
80150722-2609-49c9-82cc-86bf55bf9419,쩡쩡tv,1,게시물 보다가 오른쪽으로 넘기면 릴스동영상 나오는거 ㄹㅇ개빡쳐요^^,1,2026-03-31 10:36:06,
518ed02d-7414-4efd-bff9-38e9a8041eb2,jhui Lee,1,알림이 안옴,0,2026-03-31 10:04:41,
f724fcae-4d33-4a2f-9ab4-254cc13d62ab,유하,3,가끔 가다 앱이 자꾸 오류나서 튕김(그저께까진 잘 쓰고 있었는데 어제부터 계속 오류뜨면서 튕김ㅡㅡ),0,2026-03-31 09:50:35,
8ec0637b-baf4-464a-8f9f-b72668479ee0,TaeHwan Baek,5,2ㆍ,0,2026-03-31 07:39:24,
5b3484ba-4705-4750-a448-4a7975684cf0,민선경,4,"점점 양산형 앱이 되고 있는 느낌 1.프로필 인스타 팔로워 목록 가까워진 비율 작살 2.릴스도 점점 페이스북화 되가는중,인스타가 페이스북 매각 되고나서부터 낭만 사라짐 3.친구 말고도 이상한 사람 들 추천부터 봇까지 아주 활개를 침 +이제는 조금 정상화 된듯",1,2026-03-31 06:16:00,
5ec0753e-bb6a-4b60-8743-79298b25b669,OOWBOO,1,오류많음,2,2026-03-31 04:13:52,
c5a5b783-a592-48b0-a13b-4ec9da3ebee2,psc7610,1,해킹으로 인한 복구하기가 너무 힘듬,0,2026-03-31 00:37:21,
15152de4-4f25-4505-a542-80378a40b9a7,지연,1,오류가 생겨 지웠다가 다시 다운하니 리포스트 기능이 사라졌네요. 진짜 짜증나고 어이가 없어요,0,2026-03-30 23:52:07,
a128abc5-3f22-4066-af24-d465088bd34d,서지혜,4,사진 올리기 좋고 예쁨. 글 올리기에는 그닥 아주 좋지는 않고. 아이디당 생성 계정이 딱 한개라서 사람 찾기 좋고. 페북에 비해 노출도가 적어서 마음에 든다. 여러모로 좋은데 다만 광고가 많아서 짜증날 때가 있음. 한 게시글에 사진 크기를 다양하게 넣을수 있었는데 언젠가부터 안됨. 랜덤으로 계정마다 시험하지 말고 모두에게 똑같이 적용되게 하면 좋겠음.,7,2026-03-30 22:51:28,
fc11df38-75a6-406e-9e04-6beb4a5b0ce3,유튜브크리에이터강피디,5,굿,0,2026-03-30 22:17:50,
b37df610-d914-4d76-8067-5b3bd700dca3,강호동,5,어려운 인생의 순간도 모두 기록할 수 있는 일기장!!!,1,2026-03-30 20:56:41,
510b15c9-89a3-414d-94e9-8bb994a9135f,황미숙,1,"게시물 올리고 나서도 노래 수정할 수 기능이 있다면 좀 더 편하게 앱을 사용할 수 있을 거 같고, 게시물 일반에서 친친으로 올릴 수 있도록 만들어주셨으면 좋겠어요ㅠㅠ 툴바 바뀌는게 진짜 적응하기 힘든데 왜 다들 툴바 바뀌는지",4,2026-03-30 20:21:53,
3b70df68-364c-4dd5-8fda-8e637ad40b5b,김은경,5,좋아요,0,2026-03-30 20:10:15,
ec2f9f1d-52df-4d95-8c81-0eb67cbbd65f,송희년,5,좋아요,0,2026-03-30 20:01:45,
42b6b9a1-b0ce-46c9-b0c6-41ca3daf3b4b,유종호,5,재미있어요,0,2026-03-30 20:01:17,
54541d8f-252f-4618-83a7-75c063c054c5,김승환,1,아무리 인기많은 게시물이라해도 작년꺼 까지 보고싶지 않은데 '최신순' 다시 만들어주면 안되나? 본거 또 안보고 싶기도하고.. 하트 눌른거는 또 안뜨게 해주던지.. #포메 는 2021년껏도 젤위쪽에 뜸 ㅠㅠ,1,2026-03-30 19:16:57,
793a961b-985a-4d67-b849-43fa64379147,이정훈,5,너무 짜릿하고 재밌다,0,2026-03-30 16:46:44,
f31d1bdb-a2f3-48f8-a18a-cb3cfd54db88,이성진,5,굿 베리구 웃 나이스,0,2026-03-30 11:47:20,
ce626065-3172-4d72-bcc6-486748bc8b10,Simon Choi,2,"Recently, instagram doesn't let me put the song that I want on my stories, posts, etc. I search up the music I want, and it doesn't have any results. It only has limited songs I can use, and I don't know any of them. It's also really laggy as im scrolling, even with good internet. The first time I used instg was fine but now I feel like the quality is getting worse .",1,2026-03-30 10:25:13,
4ebdb637-3cad-47fa-9c36-0d6b9a2e9d5e,리키(리키718),3,답답함 조작이 어려움,0,2026-03-30 07:52:07,
ab1b0e79-fbe8-41e5-92bf-aa3298319dcd,별친구모모 (육감적모모),4,별3개 ㅎㅎ 공유 카스도 가능하게하면 좋은데 2026.03.29 재리뷰 스토리 1분만 올라감 릴스는 3분이내만 알고리즘되고 미리 올릴때 알려주면 좋은데 예전보다 이리저리 좋아졌는데 더 개선사항 받고 좋아지길,0,2026-03-30 07:36:49,
ee328fa4-70b5-4235-a21b-e1b694b7c8af,아무튼,5,너무너무 좋아용~~,1,2026-03-30 03:47:30,
e2a702ed-d39c-4ec6-827c-3307f39562fe,삡뺩,1,"전 계정을 해킹 당했는데 그 계정이 정지되어서 계정을 지우거나 다른 계정을 만드는게 안돼요.... 제발 어떻게 좀 해봐요;;; 다른 계정을 매번 새로 만들어도 다 문제있는 계정이라고 뜨니 불편해요;;,",1,2026-03-30 03:35:03,
26a0e161-a34c-40a3-8298-58fb4f97f71f,장순배,5,등록이 편하게 만들어져있어요,0,2026-03-30 00:43:40,
807de943-32aa-4269-b4ee-8730648b8fed,차유혁,1,인스타 해킹 당해서 수백번 셀카 인증을 했는데 제대로 확인하는건지 1분안에 확인 불가 답장 날라오고 부계 만들어서 메타 구독해서 상담도 해봤는데 셀카 인증말고는 방법이 없다는 말만 하네요.,0,2026-03-29 22:31:40,
f79604d7-b62e-4fa7-8e91-755c108325d7,엄작남,5,좋다좋아,0,2026-03-29 21:53:11,
7c43e9b6-9abe-4cb7-ad01-dffe4742d9db,고재성,1,광고 같은거 연속으로 계속 뜨는건 에바잖아 좀 고치면 좋을텐데,1,2026-03-29 19:18:39,
228f44f2-6fef-4234-a3d7-e67fc226b508,김나연,2,좋은데 영상 통화를 할 때 영상 통화에서 필터가 안 돼요.. 문제 신고를 해도 계속 안 되네요..😢,0,2026-03-29 18:51:59,
872678cb-e9e8-409d-bbda-bf657c4c59b1,뇸냠,1,댓글창 다크모드 오류 좀 고치라고!!!!!!!!하..,1,2026-03-29 17:36:56,
a2cb969d-0e64-4bd2-8c12-ed46d42e4b9d,안재영,3,*****그 하이라이트는 친친으로 올렸던 것도 전체로 바꿀 수 있게 해주세요. ******,0,2026-03-29 17:16:24,
099a86df-ef96-4eea-95c8-d3d81aeeb5fe,shin eric,5,편합니다. 업데이트도 맘에 들구요,0,2026-03-29 17:01:58,
141471e8-5c3b-4977-8d79-96e1f6e736c4,UME,3,앱이 망가져 가는 듯..,0,2026-03-29 16:16:05,
ae377aab-2caf-4a03-9189-dd08256ce4c0,푸르덤,1,아니 내 스토리에 왜 이상한 야동 계정이 있는거임?? 이런거 해결해라,4,2026-03-29 13:25:36,
af6028e8-2106-4291-b835-6f4dc68247f8,선,1,왜 리뷰를 작성해도 보이지 않나요?,210,2026-03-29 12:44:22,
61b48ce5-52d5-44fc-bd9f-b8eab911499d,조규완,4,해킹만 안당했으면,0,2026-03-29 12:30:40,
9d2d8ecc-6ecb-438e-8b22-1f6a50dcab27,김정환,1,부적절한 성인광고 매크로 댓글좀 못잡냐?,1,2026-03-29 12:17:11,
8cca4c63-6552-40fd-b5eb-0f7f9972ffc4,1또또,3,게시물 올리는데 버그로 불편했음. 앱 삭제후 재설치해도 개선되지 않았음,1,2026-03-29 12:17:04,
cd13b813-3e1a-4d1a-b124-393e4a16b0b2,pong pong,2,인스스 올린거 몇개만 영상 갑자기 멈추고 먹통되는 현상 수정좀....,13,2026-03-29 11:59:51,
e70ba61a-b602-45bc-a0fc-cd8087e28d60,부강한,1,ㅇㄴ 고정 3명이 최대인거 무엇????,1,2026-03-29 11:56:24,
fe5ef3c2-a635-484e-a4aa-eeaa7b91971a,박온유,2,아니 없데이트 하지 마세요...,1,2026-03-29 01:10:37,
eb94c8eb-52a5-4999-bdf9-87d1d0246d05,수정,3,메모 숨기기 모드 만들어주세요ㅠㅠ제발,0,2026-03-28 23:54:19,
511b6867-ed57-4081-a2eb-130b3c40f327,huhski,5,게시물 올렸던 거 사진 삭제 기능 너무너무 좋은데요 사진 추가 기능이나 편집 기능 만들어주시면 넘 좋을 것 같아요!!! 부탁드려요ㅠㅠㅠ,0,2026-03-28 23:54:03,
20951822-7fb3-43a0-a23a-f2289c458852,백륜화,1,컷아웃 기능이 너무 이상해졌고 뒤로가기 몇번 하면 눌렀던 부분도 취소되는 알 수 없는 오류가 생깁니다... 전에 사용하던 기능이 더 좋은것 같은데 왜 바꾸셨는지...,0,2026-03-28 23:30:15,
d221d7ee-a23b-47da-8057-11e1a5e1790e,ᄏ우왕,1,이전 영상 보게 해줘여 ㅡㅡ뭔 재밋는거 보고 있는데 실수로 뒤로가기 하면 좋어요 안누른 이상 못보고 있거나 자꾸 새로고침도 안했는데 혼자 새로고침 해서 보고 싶은거 있었는대 못보고 넘기고 있고 제발 그냥 자동 새로고침 이런거 기능 없애주시고 유튜브 마냥 내가 시청한거 좋아요 안눌려도 다시 볼수 있게 해주세요,1,2026-03-28 22:54:15,
a24e825e-c9c1-43d1-a7a4-bd450cd6be85,이수연,1,원래 소리있는 게시물이나 영상은 음소거 한 상태로 볼 수 있었는데 업데이트 이후로 음소거 하려고 한번 터치하면 영상도 정지되거나 다음 페이지로 넘기면 소리가 다시 재생되네요;; 이것도 오류인가요?,2,2026-03-28 22:25:12,
a240108e-f0fd-468b-a0e1-63ca797d7983,Min Su,4,아니 진짜 제발 맞팔 안되어있는사람 한번에 쉽게 확인하는 기능좀 만들어주세요 제발 진짜 제발요,1,2026-03-28 22:04:31,
f8b80733-8716-41e8-bfd9-0e8cb51126d4,Younghoon Song,5,말해서 뭐해? ㅋㅋ,0,2026-03-28 22:00:10,
1579a41e-558e-4b2c-8507-0e9b5287245d,이운철,5,굿,0,2026-03-28 21:38:23,
58456c92-1c76-40bc-b777-4c302fbe3aea,오태양,5,딱좋노,0,2026-03-28 21:16:52,
60b29889-c4d3-4192-a440-1d61d901c4a0,안수근,5,잘사용하고있습니다,0,2026-03-28 21:12:59,
59c228df-eab8-4787-86d9-1a12ce66ab43,이수진,5,Good!,0,2026-03-28 16:25:08,
116ddd5c-6763-4c74-b7b4-184b25092bc5,전자운,1,생일 카운트다운 공유가 안돼요 아니 내일 제 생일인데 왜 내 생일만 이럼 개서러움,0,2026-03-28 11:46:45,
58b6d1a8-a48e-4f0c-95f0-5bab9f86fb30,구하율,5,굳,0,2026-03-28 11:12:56,
0bde9a5c-30ba-4456-84ec-9d2e3f98cf52,미네로,1,갤럭시 폴드 쓰는데 큰화면으로 켰을때 게시물이 짤려서 다안보여요...,3,2026-03-28 10:25:58,
2ebbf56f-3a87-404b-827e-ab41636a469b,권하은,1,제발 내가 어떤 게시물에 좋아요 눌렀는지 안보이게 좀 해주세요 너무 불편해요,0,2026-03-28 09:17:38,
8410588b-5290-4d48-a085-3893b65e1026,이경진,5,좋아요,0,2026-03-28 08:41:41,
c5f8f4de-0d14-4773-8c17-a5dd23fa53b0,호휴,3,아니 요며칠 과거에올맄스토리가 아예안떠유ㅠㅠ,0,2026-03-28 08:13:01,
be23704d-e555-45b2-a2fb-37ddea4249b8,옆커폰아주대점,5,좋습니다,0,2026-03-27 11:10:32,
54e2c336-829a-4edf-bb27-e504fb4ff517,지민,1,적당히 해라 오류 좀 고쳐,1,2026-03-27 11:03:48,
ae731940-9a63-41ee-8ced-ab2369a9685a,빈진욱,4,계정차단또는비활성활됩니다,0,2026-03-27 10:15:55,
f59a1db7-915d-4f01-8d2f-03e74e9a21eb,mom jujuju,5,좋아요,0,2026-03-27 08:57:48,
ab211219-fd40-4db0-b7a3-1d6225d0a071,황승현,3,좋아요 표시한것을 기반으로 릴스 알고리즘이 나왔으면 좋겠다,0,2026-03-27 08:33:18,
25e29f2b-46b8-48c5-bcf5-7350941c165a,ellin Kim,1,인스타 쓰지마세요 페메쓰세요 일처리 제대로 안합니다 하...제가 지금 몇번이나 삭제했다가 깔고 재부팅중인데 앱이 안 깔립니다 이렇게 오류나는 앱은 처음입니다 혈압이 발부터 머리끝까지 올라써요,0,2026-03-26 12:50:01,
2144bf1d-6eea-433b-b3ba-84afdf2ebd1e,my way,5,좋아요,0,2026-03-26 11:38:56,
58ba9664-9306-4e55-a9a3-de3a4e896b84,yolo_jm,2,태그검색이 안되여 글구 최신글순으로보던기능 다시해주세여,3,2026-03-26 09:33:35,
b1aef2be-0be7-46f4-8448-01e5300318ad,김명희,5,성당행사로 한복을 입어야 하는데 어디서 맞춰야 될까 고민하다가 우연히 라미라 우리옷에 꽂혀 주문을 하게 되었습니다. 직접 가서 보고 칫수를 잰 것도 아니고 사진으로만 보고 선택한 것이라서 사실 반신반의 했습니다. 그러나 받아서 입어보니 색감도 좋고 무엇보다 몸에 맞아서 매우 만족스러웠습니다. 라미라 우리옷 덕분에 행사날 예쁘다는 말도 많이 들었고 기분도 최고였습니다.,1,2026-03-26 04:14:58,
6aac6013-83cc-4b16-ad7f-eaaa4c15c887,김태태,4,게시글 수정할때 사진 비율 변경이나 사진 추가 기능 좀 넣어주면 좋겠어요......게시글 올리고 사진 삭제나 순서 변경만 되어서 불편합니다...,0,2026-03-26 01:55:58,
b45aed3b-0a4e-408d-bfa0-b6bdf13f04a6,신현우,5,정말좋아요,0,2026-03-26 01:53:55,
dbbb6247-6427-4120-9265-81b6755b4d65,김연우,1,로그인 안됨,0,2026-03-26 01:03:42,
6e7ce4d5-3dec-4379-b936-dd4c7dbadd89,신상원,5,굿,0,2026-03-26 00:41:57,
0f198c09-0f8a-4c2b-8655-745799d51643,김연우,5,리뷰에서 계속 뭐 수정 해달라 단점이 있다 뭐 그러던데 저는 한번도 그렇게 된적 없고요 잘 쓰고 있습니다 인스타에서 불편한 점은 딱히 없던 것 같습니다,0,2026-03-25 23:35:14,
2ddd6902-fa39-407e-bfef-57e363505a4a,최민석,1,DM 오류를 해결하세요 유사 어플제작자님,1,2026-03-25 23:29:28,
2264bfd3-f623-4e2b-aac3-f869c3be3168,정태윤,2,인스타 전에 활동했던 디엠 내용들이 싹다 뒤죽박죽 섞여있고 메시지는 보낼 때 마다 전에 보냈던 메시지가 다시 보이는데 이게 무슨 버근지,1,2026-03-25 23:09:48,
4f1dd852-a7e0-438d-a98a-0cc4f6ac0c53,2111박지빈,2,아니 인스타 지금 디엠 오류 났는데도 그냥 두면 어떻게요...디엠을 보내면 보내는 디엠 내용이 안보이고 했던 대화들이 뜨던데 이 오류좀 어떻게좀...계속 방관만하면 어떻게요...,1,2026-03-25 22:06:55,
03e86143-d205-4abe-8dce-552a29968e24,김하윤,4,대체적으로 다 좋고 하는데 최근들어서 렉이랑 버그가 많이 걸리는데 요즘에 디엠을 보내면 제가 보낸 메세지는 안뜨고 전에 보냈던 메세지가 보내지는 버그인데 다시 나갔다 들어오면 제대로 보내져있어요 고쳐주세요..ㅠ,0,2026-03-25 21:16:05,
cbb74c7c-6c5c-4bc7-bdd4-2e318bdc9665,남상현,4,좋아요,0,2026-03-25 19:51:01,
f5dfd5d0-acb9-4251-a2a8-1368757b0587,안녕하세요,1,생년월일 바꾸다가 실수로 17년생 눌렀는데 차단당했습니다. 잘못 눌렀는데 바로 차단하는 게 어딨습니까? '생년월일이 맞습니까?' 같은 문구 좀 넣어주시면 안되나요?,0,2026-03-25 18:37:32,
fa3dd38b-f57e-49e4-9f58-6a7dcb282c6c,김민하,1,gif가안떠,0,2026-03-25 18:29:34,
ec2e1deb-b779-4c25-8c68-89805b8bb75c,정광덕,5,잼있다 여러사람들이모여방송하는 것이재있다,0,2026-03-25 18:29:33,
ec3ab936-e4b4-40a3-836b-3700028b4d25,김현근,1,디엠 버그 고쳐야됌,1,2026-03-25 16:20:33,
9740feaf-ba84-4241-aa53-2ceb6835fb36,신연우,5,젛아여,0,2026-03-25 15:52:51,
dd6dcb66-e6f8-4404-aabc-f462e74b4b46,이경미,5,"다양한 게시물,릴스를 볼수 있어서 좋고 정보도 볼수 있다",0,2026-03-25 14:55:55,
3eb9a416-4a6a-401b-89e0-cfc4efdb9558,채금묵,3,공유합니다,0,2026-03-25 12:37:07,
5796a8bc-0051-4ab4-8b53-d883148c20e2,백수가꿈,5,좋아요,0,2026-03-25 12:02:13,
02c78986-0b53-4fd4-8edf-6572104e1897,ᅳ.ᅳ,1,아줌마야!!! 모든 '게시글' 또는 '댓글'들의 번역이 가능하게 해달라고 했는데 왜 아직까지도 않해주냐!!??? 이렇게 반말로 떠들어야 내 예길 듣는거니?! [번역하기]가 없는데도 많고 있어도 클릭을 해봤자 번역이 안될때도 있다구!!!!,88,2026-03-25 12:00:01,
3f046c17-c5b7-4e00-94c1-5e48a78f0e4e,Jaden Lim,1,요즘에 인스타 필터가 하나도 안되고 검색도 안됩니다 오류가 요즘 많다고 들었는데 빠른 개선 부탁드립니다,1,2026-03-25 09:46:54,
4190a536-7a0c-4cee-92db-f76f3ab362a9,서광욱,3,업데이트이후 릴스는 알림이 오는데 사진같은 게시물은 안올라오네요,1,2026-03-25 09:39:47,
4e1b2a7c-138f-4015-997f-ab1c0b3b5977,youngsoo,1,언제부턴가 맨 위에 뜨는 게시물은 2번째 사진까지만 나오고 무한로딩중이고 게시물내용도 안나와요 이거 몇개월째 이러는데 해결좀 해주세요,0,2026-03-25 08:06:38,
b0ea5ae1-f18e-4220-9374-220d0b7e0a6d,창거리,2,왜 터치하면.. 이상하게 나오나요,2,2026-03-25 07:53:31,
d5b8dc0c-66ca-4895-8888-8fb4c2d60b51,Peace Kwak,1,한 번 강제 삭제되었다고 동일 기기까지 핑거프린트로 추적해서 새로 만든 계정도 쉐도우벤 걸고 자빠졌네 지독하다 증말,0,2026-03-25 02:01:23,
fbdb9cb9-65d2-412a-864f-bd55094572cc,박쳐묵,1,구독 취소했는데 파란뱃지 회수를 안해서 프로필사진 잘못 기재한걸 내리지 못하고 모든 팔로워에게 강제로 3일간 박제당해서 공개쳐형당함. 고객센터 문의해도 그냥 기다리라고 답 변오고 끝임. 장난하나?,0,2026-03-25 01:40:10,
08238bf3-a00d-42bc-9041-0b94e33b8140,이준서,1,자기 멋대로 계정정지시키네요;;,0,2026-03-24 22:56:06,
ba3b00e5-39c0-4531-93c1-0cd3864d3d32,정재우,3,"디엠, 릴스, 메모, 스토리 전부 너무 좋고 편리한데 가끔 오류가 떠서 앱 실행이 계속 안 되거나 계정 로그인이 계속 안 될 때가 있습니다.",0,2026-03-24 22:42:23,
f960d3ae-3fc3-41fa-8458-ece5bd4ec33f,정마음,5,틱톡대신,0,2026-03-24 21:00:23,
518abfd0-f320-4619-9e93-0355cd623803,러브애플,5,굿,0,2026-03-24 17:04:18,
20a167d9-8d30-4894-8045-6776e6faeb7f,데굴데굴 (으노가떨어트린 털뭉치),3,제가 알기로는 개인정보 동의하게하는거 철회한걸로 아는데 왜자꾸 뜨는지... 좀 고쳐주세요 진짜 불편해요 +아니 뭔 이제 검색도 안되네,1,2026-03-24 16:44:06,
ae46c860-bf0e-4133-a43a-a8bf221d8b23,최윤숙,1,현재 이 앱을 잘 쓰고 있던 유저입니다. 로그인 6자리 번호로 로그인 인증 하면 국제전화가 걸려와서...그래서인지 잘 안돼네요,0,2026-03-24 15:33:07,
d2eeead1-f45e-4d83-8ac5-afb854f63165,후사마덤리스볼링,1,댓글 기능 제한 걸거면 왠지 이유나 좀 알려주고 쳐 걸어라,0,2026-03-24 04:16:02,
62d794be-f02b-49c2-96a2-1d7602a02f67,k.배린,4,구독게시물이 자꾸 보였다 안보였다 하네요.. 개선좀 해부세요,0,2026-03-24 02:27:11,
db5e3ec3-5cca-4898-86cb-4551f1bf2b08,박해성,5,일상을 공유하는게 신나요,0,2026-03-24 02:24:29,
fac01456-9a4e-45d8-a996-14c0f5c21b8d,투니Tooni,5,처음엔 좀 헷갈림,0,2026-03-24 01:01:52,
60463aae-e1f0-4523-85c3-95f6ffb50c57,집에가고싶다,1,아휴우우우우우우우 버그 개많음,2,2026-03-24 00:12:14,
0332556d-e285-4442-bacb-6d88ac5a2dd3,Sejeong Chang,1,업로드 멈춤상태로 인하여 앱 삭제 후 재다운로드 함,1,2026-03-23 23:35:05,
ef578fc2-3967-4c52-907c-5424fe7eefda,권창근,5,굿,0,2026-03-23 23:27:34,
129bcd17-f8b0-4c50-8326-652f76276992,임인환,1,스토리에 사진 올렸는데 색 반전이 됐어요,1,2026-03-23 21:58:56,
a98c5f2c-19df-4f4d-a305-ec4d48f34af9,김민찬,5,잘 쓰고 있음,0,2026-03-23 20:49:09,
8708a97c-2a0e-4db8-9a0f-890346656e63,총총아기새,4,인스타 스토리가 갑자기 사진이 까맣게 올라가요 오류인가요?,1,2026-03-23 19:52:58,
8ff0057a-7f8f-4e19-ad84-43de8a0dec87,Qwe Asd,2,끌수도 없는 광고알림이 계속옴 최악임,1,2026-03-23 19:14:32,
329804e5-91e2-422a-84d0-6848c80c6a3c,김연화,5,재밌어요,0,2026-03-23 18:28:43,
834c95bb-14a4-42b9-a7bc-678605c8e1ae,별,3,자잘한버그가 많아요 고치세요,1,2026-03-23 16:18:37,
bdb4379f-951f-40da-a3ca-a7b5f9c69af6,석윤미,5,카테고리 필요한게 쭉쭉 나와 좋음,0,2026-03-23 15:23:13,
430b3d6e-2672-4f1c-8b28-9d86188ae0ff,Hyeon woo Jeon,1,너무 빡빡해서 짜증남,0,2026-03-23 14:58:56,
afe5ab3e-c405-457c-bad3-7e52900f0142,Cherry체리,1,뭘 검색하면 왜이렇게 로딩이 걸리나요ㅡㅡ,5,2026-03-23 14:13:03,
a647ce7a-bb5a-46a8-8e44-27e3ae7c5522,윤모카 (로씨),2,"앱 사용하면서 불편한 점 적습니다. 릴스 정지하려고 하면 음량버튼, 재생버튼 둘 다 나타나서 번거로워요. 또, 추천 친구 삭제하고 싶은데 엑스 버튼이 제대로 안 눌러지는 경우가 있습니다. 수정 부탁드립니다. 추가로 앱 최적화 좀 해주세요. + 추천 광고(4칸 광고) 음소거가 안되는 광고를 넣으셨나요? 소리가 계속 나오고 끄는 것이 안됩니다.",38,2026-03-23 14:05:39,
1573412a-1ab3-41ae-a083-d49bab4fb6ec,만두,5,굳,0,2026-03-23 13:52:56,
73a45b69-13d0-466c-b897-35eae65e2ca8,손네,1,영상 좋아요 두번 터치가 종종 영상 두번을 실행하는 버그 좀 고쳐봐요! 좋같은 거... 그리고 전체화면일때 음소거 버튼을 따로 좀 만들어 봐요!! 내용 터치했는데 화면 터치로 인식해 음소거 되는 경우가 있고 다시 소리 켜면 작은 화면에서도 의도치 않게 소리 재생되서 개빡치네...,2,2026-03-23 13:26:30,
a10fc20f-54fb-4a03-9448-4da237090e27,김연우,1,"왜 개인 계정 정보와, 비번 바꾸는 여러곳에 못들어 가지져? 글고 친추만 해오는것 뿐인데 바로 차단해킹 자꾸 주는지 알수없네여 페북도 글킨 하지만 솔직히 이젠 페북보다는 못한다 생각하고, 늘 진절머리나서 전 관둡니다 인스타",1,2026-03-23 12:48:49,
6b49c9ae-bff4-4f1d-95a1-d899011d686c,비글아들에성장과정,5,좋아,0,2026-03-23 08:11:38,
a845e5bb-1b2b-4014-80ea-39aecf82ae9c,박세나,2,오류 너무 심함,0,2026-03-23 07:50:35,
116bb02c-928c-44f6-8a60-dbcf7f5eb068,김민정,3,갤럭시 스토리 올린거 게시물에 올릴 수도 있게 해주세요!,0,2026-03-23 02:01:45,
796c3655-de07-496f-93da-ba2ba7b3e5d1,설거지가제일즂같아융,3,갤럭시 s23 쓰는데요. 영상통화 할때마다 계속 필터 기능이 먹통이 됩니다. 아이폰들은 잘 된다는데 왜 이러는거예요? 이 기기뿐 아니라 갤럭시 탭 모델도 똑같은 현상이 발생합니다.,1,2026-03-23 00:01:01,
768b023f-e619-4c45-90c5-a32e4f396bda,Anvar Abdisalomov,5,🔥,0,2026-03-22 22:57:56,
33859053-48b9-4add-9c03-2efb70a92187,유화,5,좋아요 헤헤^^,0,2026-03-22 22:50:11,
c4b4ab7a-a886-4ccc-99be-77bf427a1a32,인준성이,1,아니 좀 계정 내가 방문한 기록 좀 남기라고 제발,0,2026-03-22 22:46:09,
ea5e4c25-3053-4a43-bf6b-12e7de7f3cff,yeliz,2,갑자기 새로운 게시물을 올린 이후에 내가 공유하지도 않았는데 공유했다는 메세지가 갑니다 왜그런건가요??,12,2026-03-22 22:26:51,
10c51c0e-5638-4a2d-95bf-7f1d32b664dc,강안남자,5,매우 재미있고 할거 없을때하면 딱이다 재미있는 사람이많고 광고도 없다,0,2026-03-22 22:10:50,
b6e79d60-5786-4673-b5b4-eda8cb5d5520,육민수,5,재밌어요 추억,0,2026-03-22 21:41:06,
c53e07f0-5abd-4023-bb80-cb27759ff419,Eunbyul Oh,4,너무 잘 쓰고 있는 앱입니다! 다만 계정마다 업데이트 차이가 생겨서 좀 불편하네요. 업데이트 할 때마다 그 기능에 다시 적응해야하니... 최근엔 2배속 고정하기 기능이 새로 생겼길래 너무 잘 쓰고 있었는데 갑자기 그 기능이 사라지면서 원래는 화면을 한 번 터치하면 음소거가 되고 안 되고 하는 기능이 또 다르게 바뀌어 버린 바람에 또 힘들게 적응하고 있네요.. 업데이트 좀 적당히 해주면 좋겠습니다,6,2026-03-22 21:28:46,
bcd9471c-6f79-4796-9e38-557ecc20d140,이웅희,5,넘재밌어욤,1,2026-03-22 19:54:04,
0dc14f78-2845-4827-bf91-a1c3f5ef11f9,라나,5,굿굿 근데 업데이트가 안돼서 스토리 댓글 기능이 아직도 없어요. .....하,0,2026-03-22 19:47:39,
04cfa177-b39a-4f71-b494-d5c19650045e,짜잔,1,리포스트 버튼 좀 삭제합시다.,0,2026-03-22 18:14:03,
0dbe391c-6d41-47ec-bc94-56244b4b374c,somitube s,3,오류와 버그가 넘 많음,0,2026-03-22 17:39:23,
55862412-335d-4c6c-bbdc-e322879938ae,하향보향 땡큐',1,"가입한 지 하루 만에 갑자기 계정이 정지됐다며 로그아웃됨 가입 후 댓글, 게시물, 디엠 등등 아무것도 활동한 게 없는데도 그럼. 다시 복구 어쩌구가 있길래 했더니 절차도 복잡해서 결국 지움..",0,2026-03-22 17:34:26,
14841109-a641-420f-98e7-bf4ff8539e89,오윤빈,3,아니 좋긴하고 가장 중요하기도 한 SNS중 하나가 왜 릴스 도중에 광고 나오냐? 릴스 넘기다가 광고 나오고 그거 잘못 눌러서 디엠오거나 연락 온적도 있는데 진짜 이건 좀 아니지 릴스 도중에 광고 나오는거랑 광고 비중도 좀 줄이자 이게 뭐냐,0,2026-03-22 17:00:21,
713d7eb9-5534-4617-a9a6-92193f368851,망고TV,1,스토리 사진을 올릴때마다 빨간색 검은색으로 색상반전이 되서 무섭습니다.... 이거좀 고쳐주세요ㅜㅜ,1,2026-03-22 16:51:03,
8273b467-89be-438d-9ddc-790b06c49fa9,hyejin,1,지금 일주일 전 부터 계정조치에 어제 새로운 계정을 만들어서 사용을 했는데 로그인이 안되네요? 비밀번호도 맞게쳤는데 안되서 지금 짜증나 죽겠어요 웹이나 다른 태블릿은 로그인 잘 되는데 휴대폰만 로그인이 안됩니다. 제가 리뷰를 잘 안남기는데 남기게 되었네요.,0,2026-03-22 16:34:22,
3640354f-1083-4d53-a3cd-d9e96f44ae6a,GH YU,1,오류 개많음 특히 갤럭시에. 게시물 올리려는데 사진 안뜸,2,2026-03-22 16:34:02,
78d635ea-3fe8-4c3f-ba4f-0ef536dabcbd,니얼굴,5,재밌네요,0,2026-03-22 15:50:48,
dedd62b8-ed66-4443-9ca8-9f09ce6c4858,수족냉증,5,갤럭시에서도 인스타스토리 스티커 기능으로 사진 추가 할 때 도형의 크기 말고 안의 사진을 확대 축소 할 수 있게 해주세요.....,0,2026-03-22 15:24:10,
fb25d7c4-4936-411b-93e6-3638525dae92,_레쇼밍,1,Ui 그만바꾸세요. hdr 영상 밝기 문제 고치세요. 나는 일주일의 시간을 주겠다,1,2026-03-22 15:05:20,
01a72e88-ec24-4819-a408-442723766a7c,박준서,1,알고리즘이 이상해짐,0,2026-03-22 14:10:56,
583db3c1-a90b-403a-9f81-1ed457a7235c,최준희,3,인스타는 정말 좋은데 자꾸 아무것도 안했는데 계정 제한이 걸리는 오류가 있어요 처리 부탁드립니다,0,2026-03-22 12:41:15,
fa961866-11a4-4413-9003-a5a5f40561d4,홀리비취,5,굿굿이야 숏츠보기도 편하고 카톡대용으로도 좋음,0,2026-03-22 12:33:59,
ff8102dd-1ee4-49ea-884d-f239f2a51ea2,이준서,1,아니 릴스 댓글 보다가 뒤로 넘어가기 누르면 원래 댓글창만 내려가야하는거 아닌가? 왜 자꾸 새로운 릴스를 보여줌;;,1,2026-03-22 11:37:40,
658c1d6f-37e3-44c9-a364-4f1d28ccab1f,청서,3,터치 너무 이상함. 광고는 무조건 클릭되고 좌우로 계속 넘어가서 불편,1,2026-03-22 11:33:25,
47dea2c6-cd4e-493b-9a20-ed0727d0cae4,안나영,5,일기로 추억남기기. 친구들과 소통하기,0,2026-03-22 10:59:26,
e3aa4af2-25a0-4cd3-8b7a-d8a4c47ab85b,이준,1,A한테 스토리 답장 보내는 게 B 스토리 답장으로 갈 때가 있네요 인스타 덕분에 개쪽팔린 일 경험했네요 다신 스토리 답장 안 한다,2,2026-03-22 10:35:37,
e6145bbe-53ab-4031-9229-4547441170a4,박인석,2,계정추가를 하기 어려움.,0,2026-03-22 10:30:29,
cc7c44e3-da0b-4f6d-8358-bea71eb18b85,Gustavo Park,1,프사 안바뀌는것좀 고쳐라 좀 일을 하나도 안하네,1,2026-03-22 04:49:20,
3058264d-2d12-4b29-b881-b808f05135cd,0 0,1,누가 내 이메일을 사용해서 멋대로 계정을 만들었는데 난 할 수 있는 게 없단다. 이전에 로그인한 기기에서 로그인하라고?ㅋㅋ 내가 그 기기로 어떻게 로그인하는데? 해킹범을 악착같이 보호해주는 인스타그램의 의리에 놀랐다.,1,2026-03-22 01:15:11,
b23d054d-c75d-4504-aff6-cdf9268e23c0,3 K,1,소리 못끄는 광고 삽입,1,2026-03-22 00:32:17,
08101ae6-79d0-4769-92be-39b75ea6451b,eun_byeol Sim,1,해킹당해도 책임 없다함,1,2026-03-21 22:36:31,
3298dcf9-f76c-46ab-a21d-c0e683603c72,민서김 tv,1,댓글보기에서 댓글이 안써져있으면 '댓글이 없습니다' 라는 문구가 떠야되는데 A4용지 마냥 아무런 말도 안써져 있습니다. 애러난거 아닙니까? 최대한 당장 빨리 고쳐주세요. 빨리 댓글창에 댓글이 안써져 있으면은 댓글이 없다는 문구가 뜨게 고쳐놓으십시오.,1,2026-03-21 22:25:25,
cae088d2-c093-40a8-9ffe-680e540fa5e3,행복한거북,1,개인정보 허용하라고 난리네 ㅋㅋㅋㅋ,0,2026-03-21 22:07:59,
f0327ea8-90c3-45eb-8531-93c51c3e1320,김개똥,2,인스타 업데이트 최신버전으로 돌아와주세요 ㅜㅜ 너무 불편해요ㅜㅜ,1,2026-03-21 21:40:11,
30ad9b17-2d9c-46a0-b89a-324eaf1a1ba7,조혜경,5,다좋은데 가끔 너무 포스팅이 늦게뜸,0,2026-03-21 21:17:24,
a0fc45d1-77f8-4975-9bd3-19f1794596f5,조강우,5,너무 좋아요,0,2026-03-21 21:16:38,
02cc1c71-d373-4349-becc-b85649e6a61c,이제성,1,제대로 작동하는게 없음 계속 중단되고 스토리 안보이고 키기만 하면 폰 먹통됨,1,2026-03-21 21:06:14,
003474cf-19e8-42fd-b4a5-e83b4070dec2,Disk Break,5,굳,0,2026-03-21 20:37:37,
2bff3f45-de9a-461c-96e8-a5fae57bfac4,泉麻友,1,검색해서 글 누르면 사진 확대 안 되는 거 진짜 좟같네 ㅋㅋ /// 업데이트 하지마십쇼. 해시태그 검색하면 한 번에 볼 수 있는 페이지가 고작 4칸 + 2칸 반입니다ㅡ.ㅡ /// >> 최근 게시물 보기 << 돌려달라ㅏㅏㅏㅏ❗️❗️❗️😠😡🤬🔥,11,2026-03-21 19:31:44,
aa54dcf2-81e3-4518-b343-23a68494a2ce,정지민,1,제발 업데이트 이따구로 하지 마세요,1,2026-03-21 18:03:22,
a404b625-a870-4893-ab89-e8b624e6e2ad,보석쌤,5,매우 우수함,0,2026-03-21 17:43:16,
25b6eca6-c2c4-4baf-8ea4-7114f253d5b0,루시,1,번역기능은 왜 사라진거임?,1,2026-03-21 17:37:42,
c8028704-a39f-4479-b89a-e777d289aa2b,바이올렛,3,오류를 고쳐주셨으면 좋겠습니다 지금 왜인지 스토리를 올리면 모든 사진이 검정색으로 보입니다;; 폰을 껐다 켜도 그대로인데 어쩌라는건지.. 심지어 이게 저만 그러는게 아닌가보네요??;;,1,2026-03-21 16:47:44,
52bac8b9-ae60-42c7-a120-30e5e12c9e2f,김병욱,5,사용이 많이 편하다,1,2026-03-21 15:04:40,
8248851f-8567-4ccd-810e-60567830f539,조유환,3,프로필사진 누르면 스토리가 아니라 다수의 프로필 사진이 클릭돼고 여러번 눌렀다 닫았다 해야만이 스토리를 볼수있게 설정... 너무 불편함... 프로필은 꾹 누르면 보게끔 해놓고 왜 또 한번 클릭을 랜덤으로 보게 한건가요?,4,2026-03-21 14:04:43,
3c90fe01-1435-4132-aa6a-859912f45766,Hwan Hoshiai,5,최고,0,2026-03-21 13:24:56,
9c671ade-5efe-43e7-ba1e-ac9aa73d616e,ᄅ갠디,5,굳,0,2026-03-21 13:22:37,
c5bb79ff-d04d-4a17-ba0b-a752eecb6a91,이주남,5,많은 정보 서치 가능함 소소한 일상과 사업의 영역대를 넓힐수 있어 즐겁게 사용하고있음.,0,2026-03-21 12:38:16,
f8295441-7e34-4a1d-9991-122041d82a9a,정해문,5,사진 확대 미흡 아쉬움,0,2026-03-21 10:31:54,
3d7b02e3-1edc-44e0-be87-c9ca413be9c9,changwoan yang,5,좋아요 굿,0,2026-03-21 09:12:44,
b20dd2d1-4aba-4779-8e99-0d0754014166,이연,1,최근 업데이트 이후 인스타 스토리에 특정 사진(다른앱들에서 저장한 사진들)을 올리면 업로드 완료 후 검은색으로 떠요 빨간색 같은 것도 섞여서 올라오고요 앱 삭제 후 재설치 카톡으로 재전송 후 다시 저장 캐시 삭제 등등 다 해봤는데도 안돼요 스크린샷은 또 잘 올라가요,5,2026-03-21 01:21:54,
ec2219ec-7b75-4643-9397-70a4cce1b8c7,이유빈,1,먹통 작작 좀 해라,5,2026-03-21 01:19:15,
19d24534-72ec-4f9c-a117-fdac4f6661a2,외밍밍,2,공유 수가 어떤 건 뜨고 어떤 건 안 뜨고... 리믹스도 계정마다 할 수 없는 계정도 있는데 너무 불편하고 일관되지 않습니다,0,2026-03-21 00:54:01,
3a578f84-7864-467d-9696-c9008800c563,jo y,1,광고랑 추천 적당히 해라 ㅆ,1,2026-03-21 00:40:55,
5944e7d7-b883-4434-bc56-43f57d52b944,신광은,5,볼만하고재밌습니다,0,2026-03-20 23:01:47,
91c3b347-44a2-48b3-a526-b2829fcfdfef,박은지,2,그리드 수정하는건 왜 어떤사람은 되고 어떤 사람은안되나요?업데이트 해줄거면 전체적으로 해주지,1,2026-03-20 22:19:14,
5a397bf1-74e9-450d-bd43-60a3181ee1ac,Yong Cheol Choi,5,굳,0,2026-03-20 21:40:27,
1e1e158d-1e36-4240-902d-d5f40c9892b2,오영모,5,이제야 인스타를 알았네요,0,2026-03-20 21:39:33,
5fecdce1-72d6-4094-81ec-8a26167e91a0,윤정희,5,좋아요 ^^,0,2026-03-20 20:51:58,
2a677809-39bc-4cc7-8150-c6a40685e6a5,김동희 (카네이션한끼식사),5,편리하게 잘 사용 하고있고 앱 개발. 해 주심에 감사드립니다..무궁한 발전있기를 소망 합니다. ^.^,0,2026-03-20 20:34:06,
0b3607be-e9fe-42bf-87a9-9c92a1f76445,임태균,1,아무것도 안했는데 강제영구정지만 벌써 13번째입니다 새계정 만들어도 1시간내지 2시간만에 또 정자 먹고요 정지 풀거면 신분증 제시하라는데 미자라 신분증도 없고 그냥 인스타 끊었습니다,0,2026-03-20 20:02:27,
5ea26914-182d-4f4f-811f-8d87cfbec7a1,모미지,5,조아요,0,2026-03-20 18:56:07,
3bc00592-d592-4ec4-9f9f-11989e85d121,김윤하,3,로그인이 잘안되요,0,2026-03-20 18:09:30,
498963e1-a842-4bfa-85f1-49f38d40db68,박성일,5,좋아요,0,2026-03-20 18:08:26,
58a747a2-45f7-4c39-a3a1-0dbd659df29b,김연옥,5,앱을통해저의작품(취미)도소개하고 훌륭한작가님들의작품을접할수있어서 참 좋습니다,0,2026-03-20 15:15:37,
abbd79ef-ff67-47db-9d24-29eac79d4167,도피넛,5,"소통할수있는 환경, 알고리즘 너무 좋습니다!! 메타 화이팅!",0,2026-03-20 15:07:52,
baccfb8b-532a-4d8d-a1a7-d98c643feac5,su e park,1,인스타 에 타인의 얼굴 함부로 올리는 사람들 많은데... 신고 할수있나요? 삭제 하고 싶은데... 그 상대방에게 삭제 내리라고 했는데... 말을 않들어서요. 그 게시물이던 ... 그 계정을 아예 삭제 하는 식으로 하는 방법 없나요? 요즘 개인정보노출... 초상권..딥페이크 등 사기꾼들... 문제가 많은데... 누가 맘편히 sns를 합니까?,1,2026-03-20 14:11:39,
381e1974-20cc-4636-b6b2-96e181d31641,김화순,5,만족합니다,0,2026-03-20 13:28:30,
a128f8b1-9c4f-4f7c-af90-5fb066235706,한유라,1,"구독이 안돼요 다른 계정으로 해도 안되고 태블릿으로 들어가도 안되고,,",0,2026-03-20 13:05:34,
4b6f90b5-27db-4df6-aacc-45953f4d8b67,SAKURA KIM,5,잘쓰고 있었는데 업뎃하고 버그 있다고 자꾸 꺼져요. 빨리 고쳐주세요,0,2026-03-20 12:49:21,
c8128f9f-ed3d-49ef-a854-ddc3c31f0f21,shannon love,1,업데이트 후 피드와 댓글이 맞지 않는 경우가 많습니다.,0,2026-03-20 10:49:23,
8d131f92-430a-487e-b637-54a2ef984186,Minhye Kim,2,피드 넘겨보다가 자꾸 릴스로 넘어가져서 진짜 너무너무너무 불편해요 업데이트 할때 수정해주시던지 어플 환경 설정이라도 할 수 있도록 해주세요 이거땜에 불편해서 점점 안쓰고싶어요,0,2026-03-20 09:30:35,
6b25a19b-cf5c-4cb7-9062-b8b8f0f24156,김영욱,5,좋은방향입니다.,0,2026-03-20 09:03:13,
e0a225f0-ad12-4f75-8286-f002c90403fe,도빈,3,사람과대화 맞팔 가능해서 좋은데 근데 알고리즘이 처음에 자꾸 이상한거 아와서 평점 3점,0,2026-03-20 07:50:13,
5a500dfa-0955-4a1c-a1f6-5103408f7d70,mr k,1,점점 쓰기복잡해지네,5,2026-03-20 03:58:37,
3e91aa58-2c48-4840-ac42-f1e2a4397041,Kei,1,"릴스 재생 시 렉이 걸리고 자주 멈춤 상태로 유지되는 경우가 많은데, 빠른 시일 내로 해결해주세요. 불편합니다.",0,2026-03-20 03:05:38,
8128c8bf-58ec-4c18-9f52-8605282f0e49,천유경,5,유용해요~~^^,0,2026-03-20 00:25:04,
148d3e01-879a-492b-92db-42fc8721806e,응애,1,자꾸 실행이 안돼요,0,2026-03-20 00:04:42,
17f5ca34-1b5b-495f-a1a8-2df4a19ee7dd,수학왕비님,5,좋아요·👍.,0,2026-03-19 23:59:13,
d159503a-219d-4c26-93c2-cb248ec547f3,lifetime walker,5,좋아요. 최고예요♡,0,2026-03-19 23:57:22,
aa8b2a01-7cf2-4c40-9403-91d6752d6a5d,남귀대,1,인스타그램이 갑자기 안되요 먹통 해킹된것 같아요 해결방법 가르켜 주세요,0,2026-03-19 23:55:30,
2a152741-92f6-45bf-9790-8265ef190c7a,정미,1,아무리 다시해도 라이브방송 알람이 안떠요 (그렇다고 게시물이나 스토리 알람이 제대로 오는것도아님) 인터넷에서 하라는거 다 해봄 아무것도 안됨 뭔 누구는 앱 내 설정에 라이브방송 알람 설정 같은게 따로 있다는데 나는 그것도 없음 그와중에 문제해결 어따 문의해야하는지도 제대로 확인 안되고 저 뭐 어카라고요 아진짜개똥쓰레기앱,2,2026-03-19 23:48:21,
1af96725-3e29-4385-b0cd-35d94c8bed09,김승우 (꾹꾹이),1,광고가 너무 많아 지우고 싶네요,3,2026-03-19 22:39:05,
92f0fe37-c914-4a5c-a003-6e8f733e6028,조미주,5,너무 좋고 그리고 제가 좋아하는 프로그램 채널 그런것만 나와서 좋은것 같아요!,0,2026-03-19 22:21:24,
cc41915b-0be6-4d66-8b4f-55099f6fbb29,서현,1,릴스 보다가 소리 끄려고 터치하면 영상도 같이 멈춤. 되게 고질적인 문젠데 아직도 해결 안 됨,1,2026-03-19 21:46:57,
160def82-62a5-4d54-80be-0d298687689d,김혜민,3,인스타도 카카오톡 따라가냐 이상한거 없애고 기본에 충실해라,1,2026-03-19 20:20:04,
810858da-cc00-469a-a183-1bffef7a0dda,Hyunju LIm,4,여러 정보를 얻을수 있어서 유용합니다.,0,2026-03-19 19:40:06,
85bbbcf1-7d3c-42aa-a085-aae66e589d43,Eunsung AHN,3,아...오늘만 두번째 실행을 하면 먹통이 계속 되네요 재설치하니까 실행되긴한데..왜 그런걸까요??? 어제 뭔 업데트를 했나..,0,2026-03-19 18:14:48,
c72b5b0f-039d-4c8b-8774-3c79c86e2e23,MARVEL Lego Movie,1,지금 앱 로고에서 다음으로 안넘어가는데 저만 그런가요? 갑자기 오늘부터 안돼요.,0,2026-03-19 17:39:46,
56a5aa0f-550c-4b06-9c69-00b71b9580ab,예빈 Yebin,1,인스타 오류많이납니다,4,2026-03-19 17:00:46,
3a49c605-d926-405f-afc8-1b8ecbab877a,양정우,1,아무이유 이유 없이 로그인이 안되네요 별점도 주기싫엏는데,1,2026-03-19 16:59:43,
b7062a83-743f-4ed0-9c73-bc43488d314d,김미아,5,잘쓰고 있습니다!,0,2026-03-19 16:08:56,
e6d35503-204e-4615-b5b4-98f1d3c8cf50,올빼미,1,릴스 일시정지가 또 없어졌나,10,2026-03-19 13:21:10,
896f6a45-1cd5-4ee5-b38d-d98c167d1269,역사학자가 꿈임 (역사학자가 꿈임),1,^^1바 내가 뭘했다고 밴인데,0,2026-03-19 13:09:44,
6a02795a-b90a-43b2-876b-fdbf3d55bae2,raccoon,4,다조은데 악플들에 대한 대처가 미흡해보여요 왠만하면 올린게시물에 무지성악플이 달리면 절대남기지말고 악플싹다삭제하는게 좋습니다 안그럼 내계정이 정지되거나 삭제되는경우 많습니다,0,2026-03-19 12:47:51,
70a126f5-3483-4e81-bf5a-f5e2e0815341,Sy D,1,갑자기 잘 사용하다가 릴스볼때 화면한번 누르면 소리만 꺼졌는데 유튜브 쇼츠처럼 그냥 아예 정지가 되네요,1,2026-03-19 11:37:11,
90eb71f7-4a40-495f-ae15-bd2d3fd3fdc5,한가흔,3,좋은데 게시물에 음악 제거하는기능 있었으면 좋겠네요. 게시물 자체를 삭제해야하니 불편해서요. 그리고 수정할때 사진추가할수 있으면 좋을거같고 삭제햇던 댓글 복구 못하나요,1,2026-03-19 08:44:06,
0e683ade-e805-4778-9cc3-740633018160,신블럭박사,5,잘사용중입니다,0,2026-03-19 07:46:26,
1d8204d3-76c7-40bc-bc2b-15185598fab7,HEE SANG,1,코딩을 어떻게 한 건가요? 업데이트가 될수록 점점 더 불안정해지는 느낌입니다 수십억 명 사용하는 앱이 완성도가 처참하네요 릴스 댓글창을 열었다가 내리면 다른 릴스로 새로고침되는 일도 허다하고 대댓글이 정상적으로 로딩되지 않거나 이전에 본 대댓글이 그대로 반복 노출되고요 스토리를 올리지 않았는데도 무지개 테두리가 표시되거나 한 명의 스토리만 봐도 팔로잉 전체가 회색 테두리로 변하기도 하고요 댓글 삭제 시 댓글 수가 업데이트 되지 않는 경우도 너무 흔하고 하 그냥 셀 수도 없어요 문제를 인지는 하고 있나요? 개선의 노력은 하나요?,2,2026-03-19 01:23:44,
f32ad996-4f3b-4ab6-9ba0-291514f9a1cc,박가빈,1,2017년부터 안쓰던 계정이 해킹당했습니다. 보안코드도 설정한적이 없고 백업코드도 받아논게 없어요. 셀카인증도 해킹한 놈이 내사진을 다치워놔서 불가능합니다. 신부증 인증 도대체 어떻게 하는겁니까? 연락할곳이 없으면 경로라도 잘해놓던가.. 3일째 같은 답만주고.. 같은 뻘짓을 얼마나 하고있는지..,4,2026-03-19 00:13:06,
14b37f7d-7d45-486d-8a1f-e2c3486569ae,유유진,5,나의 경험을 공유할 수 있어서 좋음,0,2026-03-18 23:47:35,
e7ecc850-56d8-4ddb-88b0-14f8061cd994,최민서,3,"정말 유용하지만 매번 디엠의 테마가 오류나서 기본으로 변하는 것도 별로고, 삭제하거나 비활성화 된 계정이 계정 전환 버튼을 누르면 떠있지만 로그인은 하지 못하는 상태라 많이 지저분함.. 비활성화 되고 삭제한 계정은 안 떴으면 좋겠어요",4,2026-03-18 23:10:21,
e8e6ab43-9d90-4645-807f-f60567313bad,강요한,2,인스타그램 지금 챠팅치는곳에 테마가 갑자기 없어졌어요 테마 바꾸는것도 없어졌고 테마 자체가 없어졌는데 고쳐주시죠 빨리 고쳐주시길 바랍니다.. 불편한게 너무 심하네요..,0,2026-03-18 22:58:07,
76d0f496-56f4-4e15-91fb-26a3e4a47e66,최성,5,오늘 굿입니다,0,2026-03-18 22:45:41,
14ee4483-a8e8-47b2-86c0-467253d04693,서승민 (댓남쌤),5,굿,0,2026-03-18 22:35:30,
9db22ceb-d9de-404a-9189-da12fa142e6f,황준서,1,버그가 너무 많고 사진도 잘 안보내지고 스토리 누르려면 나갔다가 들어와야되고 여러가지 문제가 너무 많아요,0,2026-03-18 22:34:09,
c14050db-7e9a-4d3b-8917-75986ec807c0,?,3,나갔다들어오면 보던 릴스 사라지는 패치는 왜한건가요..,1,2026-03-18 22:20:31,
99ec1229-240a-463a-afc9-23aa772b3fbd,justin kim,1,"계정 로그인 문제가 많이 생겨요. 몇번이나 다시 설정해보려고 시도해도, 비밀번호 설정할때에 코드를 받고 다시 입력해도 빈 팝업만 뜨고 아무것도 안되는 것을 수십번 경험하고 계정을 계속 새로 만들었던거 같아요. 계정이 로그인이 안되면 이유를 알려주는 시스템이라던지 1:1 고객센터 같은걸 만들면 좋을거같습니다.",9,2026-03-18 21:58:13,
8d80734c-c579-465d-a341-ea5ce1eac511,이서현,1,"게시물에 안 떴으면 하는 노래가 있어서 ""관심 없음"" 도 눌렀는데 계속 뜨네요.",1,2026-03-18 21:16:44,
3ff08f77-e16f-4157-b88e-5cf2ab7e44b9,나유라,3,보관함에 옮겨둔 게시글에 댓글이 있었는데 댓글이 안보입니다. 댓글6개라고 나왔는데 클릭하면 안보이네요. 오류 수정 부탁드립니다.,1,2026-03-18 20:56:46,
9b1e9f61-8b14-4edf-9b35-53b2b4ea44e0,머스마_캠핑,5,굿. 아주 좋아요오오,0,2026-03-18 20:23:18,
b7738a5f-73a9-487c-b3ef-263629643a3d,한상훈,5,최고,0,2026-03-18 20:12:18,
b870ab1e-4003-437a-8548-e242ddcc89e0,njc _0731,2,"인스타 요즘 왜이래요?? 게시글 올리려고 하면 사진 필터나 수정할때 자꾸 버벅거리거나 다른사진으로 바뀌고 버튼도 간혹 안눌리고 이제 내용쓰려고 사진 편집 저장 누르면 무한로딩이여서 결국 강제종료를 반복합니다,, 스토리 읽은사람 뜰때도있고 안뜰때도 있고 스토리 글 올릴때 저장중만 무한로딩 되고 어쩜 업데이트를 거치면서 퇴화되는 느낌입니다 프로필 게시물이 돌연 사라진 채 보이지도 않고 게시물 수랑 보이는 게시물 수도 다르고 프로필 내용 수정을 아무리 반복해도 변경이 안되고,, 버그 신고를 해도 몇 년이 지난 지금도 해결이 안되어 있네요,, 정말 인기많구 그만큼 좋은 어플인만큼 노력을 더 기울여주셨으면 해요ㅠㅜ",109,2026-03-18 17:53:34,
7cba6acb-5806-4b53-bcf7-c4af9ff94214,동네바리,5,굿,0,2026-03-18 17:22:00,
25f32d0d-c8d0-458d-ae1d-18b4eaf18aef,김유성,5,좋습니다,0,2026-03-18 17:01:53,
6f9af8e7-f3ea-4f14-8601-c85f374f3b41,SUPER WOONGS,5,👍,0,2026-03-18 15:58:04,
1e89a836-f5d8-4745-88ab-5cad57a07add,씨광은창녕조씨,5,좋다,0,2026-03-18 15:14:02,
530d8180-29de-45b7-aeb2-32ef14e76e59,L master,1,동영상 업로시 효과가 알 수 없는 네트워크 오류로 사용이 안되는데 개선이 안되네요. 틱톡은 잘되던데,0,2026-03-18 13:40:29,
35eb7fee-a781-4be9-9d75-357251829a1c,홀씨,4,갤럭시 s26 플러스 유저입니다. 게시물을 업로드하면 사진이 어두워져서 너무 고민이에요 ㅠ,0,2026-03-18 12:08:06,
cea43d10-84c0-43dd-8dff-33d18c5c8cb2,KAIZEN MOTORS,5,좋아요,0,2026-03-18 11:49:04,
65a22ad5-c50d-40ff-bc88-0b1040f95ab5,ch lee,1,언제 무엇을 변경했는지 등 안내가 전혀 없고 너무 자주 업데이트해서 짜증납니다. 문의에 대한 답글도 없는데 신경 좀 써시길,0,2026-03-18 09:34:40,
3ada8f05-3641-4d0d-a9c8-96e8794a8a12,진진(키작은너),5,시작한지 보름쯤됐는데 오늘에서야 게시물올리는 방법을 알았네요 나의 일상을 다른분들과 공유한다는것이 조금 쑥스럽기도하지만 다가가지않으면 알수없듯이 그런뜻으로 인스타그램도 꽤나 괜찮은 어플이네요,0,2026-03-18 06:33:37,
c2f7fa48-ff76-43fa-b554-3d9620078d78,정윤재,5,사용하기 좋습니다,0,2026-03-18 02:07:45,
e4ada460-f948-4b2e-987a-6cc6017093f6,강인규 카오클라이,5,굿!~,0,2026-03-18 01:01:54,
2caa2438-6d03-41fc-9468-af80f3dfe043,진순동,5,유익해요,0,2026-03-17 22:53:15,
a634f14f-b647-47fa-b93d-1117e9920f35,????,1,제 번호로 가입한 아이디인데 갑자기 엉뚱한 번호로 문자 보낸다고 함... 심지어 메일도 내 주소 아님... 뭐임 대체...,0,2026-03-17 22:16:39,
65b13fcf-5e88-465e-bca5-fc5f2401dec3,J Mund,5,너무 잘사용하고있습니다 .^^♡,0,2026-03-17 22:05:49,
b46fbe4e-d731-4d88-b654-f76f03d8943c,박서아,5,너무 재미있어요..,0,2026-03-17 20:09:12,
81121bd6-b542-4e57-b8ea-6641ecab9fc1,Lockon St,1,뭔 불법적이거나 비속어를 쓴것도 아닌데 '커뮤니티를 보호하기위해(?)' 라며 댓글 제재하는건 왜죠? 커뮤니티가 ccp 라도됩니까??,0,2026-03-17 19:39:31,
6a3f48f6-6577-469c-a8af-b0c630d648d6,수줍은마법사,1,업뎃하고 개불편해짐,1,2026-03-17 16:45:31,
e175f781-fcaf-4d72-ba16-b34e8b657816,미갱이,5,👍👍👍,0,2026-03-17 15:26:02,
f232cbdf-2254-4956-aa66-41c7efede173,이지현,1,해킹당했는데상담사도없고계정도못찾고완전짜증,0,2026-03-17 14:47:39,
3c6c4cd3-6c32-4c82-8554-4c0810d69ac9,꾸밍,4,피드 게시글에 음악을 수정할 수 있게 업데이트해주실 수 있나요?,2,2026-03-17 13:40:37,
db2c2118-ed8d-4b2f-b64d-4549ca9c9487,김소이,1,업뎃 이후로 릴스 보다가 폰을 잠시 잠구거나 릴스에 포함된 링크를 클릭한 뒤 돌아오면 보던 릴스를 찾기도 어렵게 사라져있습니다 너무 불편해요,1,2026-03-17 13:08:46,
86f537be-2297-4366-995c-ed089244c4d9,정해진,5,좋은 인상을 심어주기,0,2026-03-17 12:46:54,
d8a53eb3-e161-4dd7-8a8d-b70d3a4c66e0,김용우,5,좋아요,0,2026-03-17 12:24:39,
9b9fa071-70d9-47a3-b205-a68c92bbc101,박종곤,5,굿입니다,0,2026-03-17 10:14:34,
aa5a34b1-686e-48d9-b63c-2c97a05de8f7,이성윤,5,감사하게 잘 사용하고 있어요 하지만 게시물 올리는중에 사라지는것 아닌것 같고요 잘못 올렸다면 잘 몰라서 카운셀링을 부탁드립니다,0,2026-03-17 09:58:15,
7309ecb0-9f09-4401-a882-cc2c4615b839,밝음빛,5,사용이 편리함,0,2026-03-17 09:34:57,
d713a3aa-0348-40f9-aad5-b19f4025643a,최회정,5,즐거운경험,0,2026-03-17 09:22:15,
9457cc57-1463-4748-a517-0f145da7be17,Sohyoung Kim,3,예전보다 조금 불편해졌어요,0,2026-03-17 09:20:50,
e6eaac76-2f27-4544-82f8-cc3875e03205,장서진,5,좋음,0,2026-03-17 08:10:09,
462edfc0-1fba-4083-b973-551289c9cee4,K B,2,쓰레드뱃지 토큰 비활성화 설정해도 다시 활성상태로 돌아옵니다 확인해주세요,0,2026-03-17 05:55:39,
879a8395-32db-466a-b11d-c6c8c79edf84,도새,3,업데이트한 뒤로 릴스 댓글창에서 다른계정들 프로필 보려고 눌렀다 다시 나오면 다른릴스로 바뀌어있을때가 있어요.. 당황스러워요,1,2026-03-17 02:36:02,
065b717a-5e01-4e86-8478-2e18f6aa59fd,박상준,5,very nice,0,2026-03-17 02:35:50,
8768f554-7c1c-43e0-a00c-d9efb57c66ac,소노,5,제발 디엠 글씨 제한 늘려주시면 안될까요 너무 적어서 불편해요 조금만 긴 글도 다 잘려요 너무 화가나요,0,2026-03-17 00:25:38,
10af799c-bb03-46fd-b65e-a7d04750ea89,남승민,5,1분짜리 릴스 올리다가 10분 넘게 걸려서 불편할 때도 있어요 그래서 다른 계정으로 못바꾸고 답답해요 이것좀 해결해주세요,0,2026-03-16 23:51:47,
